"","scenario","type","method1","method2","distance","pValue"
"1","281","IMPACT","classic","area",7.6525,2e-04
"2","281","OCCURRENCE","classic","area",7.3929,2e-04
"3","281","IMPACT","classic","center",10.646,0
"4","281","OCCURRENCE","classic","center",3.4653,0.0154
"5","281","IMPACT","classic","centertogrid",4.4432,0.0051
"6","281","OCCURRENCE","classic","centertogrid",2.8415,0.0321
"7","281","IMPACT","classic","reachedgrid",4.4786,0.005
"8","281","OCCURRENCE","classic","reachedgrid",4.7448,0.0037
"9","281","IMPACT","area","center",0.382,0.8647
"10","281","OCCURRENCE","area","center",0.2155,0.9856
"11","281","IMPACT","area","centertogrid",2.4304,0.0542
"12","281","OCCURRENCE","area","centertogrid",3.1456,0.0232
"13","281","IMPACT","area","reachedgrid",5.0348,0.0028
"14","281","OCCURRENCE","area","reachedgrid",4.6176,0.0044
"15","281","IMPACT","center","centertogrid",2.539,0.0463
"16","281","OCCURRENCE","center","centertogrid",2.7177,0.0373
"17","281","IMPACT","center","reachedgrid",4.7877,0.0035
"18","281","OCCURRENCE","center","reachedgrid",4.1094,0.0075
"19","281","IMPACT","centertogrid","reachedgrid",0.2162,0.9879
"20","281","OCCURRENCE","centertogrid","reachedgrid",0.242,0.9782
"21","282","IMPACT","classic","area",3.3807,0.0177
"22","282","OCCURRENCE","classic","area",4.8756,0.0033
"23","282","IMPACT","classic","center",3.9352,0.009
"24","282","OCCURRENCE","classic","center",2.3711,0.0568
"25","282","IMPACT","classic","centertogrid",0.5363,0.7152
"26","282","OCCURRENCE","classic","centertogrid",0.9085,0.4093
"27","282","IMPACT","classic","reachedgrid",0.8531,0.4447
"28","282","OCCURRENCE","classic","reachedgrid",1.3471,0.2164
"29","282","IMPACT","area","center",1.095,0.3108
"30","282","OCCURRENCE","area","center",0.4893,0.7562
"31","282","IMPACT","area","centertogrid",3.644,0.0131
"32","282","OCCURRENCE","area","centertogrid",2.6784,0.0403
"33","282","IMPACT","area","reachedgrid",5.7099,0.0013
"34","282","OCCURRENCE","area","reachedgrid",3.8769,0.0101
"35","282","IMPACT","center","centertogrid",2.5014,0.0485
"36","282","OCCURRENCE","center","centertogrid",2.1522,0.0746
"37","282","IMPACT","center","reachedgrid",5.3894,0.0018
"38","282","OCCURRENCE","center","reachedgrid",3.3191,0.0184
"39","282","IMPACT","centertogrid","reachedgrid",0.4677,0.7833
"40","282","OCCURRENCE","centertogrid","reachedgrid",0.1075,1
"41","283","IMPACT","classic","area",5.4313,0.0018
"42","283","OCCURRENCE","classic","area",13.725,0
"43","283","IMPACT","classic","center",5.0454,0.0026
"44","283","OCCURRENCE","classic","center",4.583,0.0043
"45","283","IMPACT","classic","centertogrid",1.0971,0.3092
"46","283","OCCURRENCE","classic","centertogrid",3.9872,0.0085
"47","283","IMPACT","classic","reachedgrid",2.2152,0.0694
"48","283","OCCURRENCE","classic","reachedgrid",4.5,0.0048
"49","283","IMPACT","area","center",1.2382,0.2534
"50","283","OCCURRENCE","area","center",0.5478,0.6971
"51","283","IMPACT","area","centertogrid",3.2366,0.0209
"52","283","OCCURRENCE","area","centertogrid",3.1332,0.0236
"53","283","IMPACT","area","reachedgrid",5.7629,0.0012
"54","283","OCCURRENCE","area","reachedgrid",4.4004,0.0056
"55","283","IMPACT","center","centertogrid",4.1571,0.007
"56","283","OCCURRENCE","center","centertogrid",2.4022,0.0547
"57","283","IMPACT","center","reachedgrid",7.6475,2e-04
"58","283","OCCURRENCE","center","reachedgrid",3.3228,0.0184
"59","283","IMPACT","centertogrid","reachedgrid",0.5311,0.7181
"60","283","OCCURRENCE","centertogrid","reachedgrid",0.165,0.9982
"61","284","IMPACT","classic","area",4.667,0.0042
"62","284","OCCURRENCE","classic","area",6.4285,6e-04
"63","284","IMPACT","classic","center",5.0414,0.0026
"64","284","OCCURRENCE","classic","center",3.0237,0.0259
"65","284","IMPACT","classic","centertogrid",0.6951,0.5658
"66","284","OCCURRENCE","classic","centertogrid",2.315,0.0609
"67","284","IMPACT","classic","reachedgrid",1.4968,0.1762
"68","284","OCCURRENCE","classic","reachedgrid",2.9582,0.0282
"69","284","IMPACT","area","center",1.0499,0.3318
"70","284","OCCURRENCE","area","center",0.2444,0.973
"71","284","IMPACT","area","centertogrid",2.8537,0.0327
"72","284","OCCURRENCE","area","centertogrid",2.9318,0.0298
"73","284","IMPACT","area","reachedgrid",5.1343,0.0025
"74","284","OCCURRENCE","area","reachedgrid",4.1839,0.0072
"75","284","IMPACT","center","centertogrid",3.446,0.0158
"76","284","OCCURRENCE","center","centertogrid",2.6701,0.0395
"77","284","IMPACT","center","reachedgrid",6.9397,3e-04
"78","284","OCCURRENCE","center","reachedgrid",3.6011,0.0133
"79","284","IMPACT","centertogrid","reachedgrid",0.3288,0.9195
"80","284","OCCURRENCE","centertogrid","reachedgrid",0.1718,0.9975
"81","285","IMPACT","classic","area",10.014,0
"82","285","OCCURRENCE","classic","area",11.871,0
"83","285","IMPACT","classic","center",5.2667,0.002
"84","285","OCCURRENCE","classic","center",6.1566,7e-04
"85","285","IMPACT","classic","centertogrid",2.6996,0.0381
"86","285","OCCURRENCE","classic","centertogrid",3.2553,0.0197
"87","285","IMPACT","classic","reachedgrid",3.5496,0.0142
"88","285","OCCURRENCE","classic","reachedgrid",4.1318,0.0073
"89","285","IMPACT","area","center",1.83,0.1143
"90","285","OCCURRENCE","area","center",0.1912,0.9927
"91","285","IMPACT","area","centertogrid",4.9039,0.0032
"92","285","OCCURRENCE","area","centertogrid",2.8977,0.0311
"93","285","IMPACT","area","reachedgrid",5.4211,0.0018
"94","285","OCCURRENCE","area","reachedgrid",4.9531,0.003
"95","285","IMPACT","center","centertogrid",2.2331,0.0674
"96","285","OCCURRENCE","center","centertogrid",2.1581,0.074
"97","285","IMPACT","center","reachedgrid",5.0335,0.0027
"98","285","OCCURRENCE","center","reachedgrid",2.6966,0.0385
"99","285","IMPACT","centertogrid","reachedgrid",0.854,0.4441
"100","285","OCCURRENCE","centertogrid","reachedgrid",0.0261,1
"101","286","IMPACT","classic","area",5.1922,0.0023
"102","286","OCCURRENCE","classic","area",3.4881,0.0156
"103","286","IMPACT","classic","center",3.4975,0.0148
"104","286","OCCURRENCE","classic","center",3.2818,0.019
"105","286","IMPACT","classic","centertogrid",1.7396,0.1265
"106","286","OCCURRENCE","classic","centertogrid",0.8204,0.468
"107","286","IMPACT","classic","reachedgrid",2.2956,0.0627
"108","286","OCCURRENCE","classic","reachedgrid",0.3833,0.8708
"109","286","IMPACT","area","center",0.7209,0.5409
"110","286","OCCURRENCE","area","center",0.2284,0.9805
"111","286","IMPACT","area","centertogrid",2.725,0.0381
"112","286","OCCURRENCE","area","centertogrid",4.0778,0.0081
"113","286","IMPACT","area","reachedgrid",4.3147,0.0062
"114","286","OCCURRENCE","area","reachedgrid",4.8493,0.0034
"115","286","IMPACT","center","centertogrid",3.0963,0.0237
"116","286","OCCURRENCE","center","centertogrid",2.6315,0.0413
"117","286","IMPACT","center","reachedgrid",4.3125,0.006
"118","286","OCCURRENCE","center","reachedgrid",4.0331,0.0081
"119","286","IMPACT","centertogrid","reachedgrid",0.5966,0.6539
"120","286","OCCURRENCE","centertogrid","reachedgrid",0.261,0.9689
"121","289","IMPACT","classic","area",4.2717,0.0065
"122","289","OCCURRENCE","classic","area",4.3224,0.0062
"123","289","IMPACT","classic","center",3.5799,0.0135
"124","289","OCCURRENCE","classic","center",2.4573,0.0511
"125","289","IMPACT","classic","centertogrid",0.2954,0.9485
"126","289","OCCURRENCE","classic","centertogrid",2.4215,0.0534
"127","289","IMPACT","classic","reachedgrid",0.525,0.7245
"128","289","OCCURRENCE","classic","reachedgrid",2.7911,0.0344
"129","289","IMPACT","area","center",1.845,0.1121
"130","289","OCCURRENCE","area","center",0.6917,0.5649
"131","289","IMPACT","area","centertogrid",4.8163,0.0035
"132","289","OCCURRENCE","area","centertogrid",3.4897,0.0156
"133","289","IMPACT","area","reachedgrid",6.0782,9e-04
"134","289","OCCURRENCE","area","reachedgrid",5.4536,0.0017
"135","289","IMPACT","center","centertogrid",3.4425,0.0158
"136","289","OCCURRENCE","center","centertogrid",2.8333,0.0324
"137","289","IMPACT","center","reachedgrid",7.5175,2e-04
"138","289","OCCURRENCE","center","reachedgrid",3.3837,0.0171
"139","289","IMPACT","centertogrid","reachedgrid",0.5752,0.6742
"140","289","OCCURRENCE","centertogrid","reachedgrid",0.1188,0.9999
"141","295","IMPACT","classic","area",6.3822,6e-04
"142","295","OCCURRENCE","classic","area",7.8969,1e-04
"143","295","IMPACT","classic","center",8.9234,0
"144","295","OCCURRENCE","classic","center",6.3967,5e-04
"145","295","IMPACT","classic","centertogrid",2.7884,0.0343
"146","295","OCCURRENCE","classic","centertogrid",2.6693,0.0396
"147","295","IMPACT","classic","reachedgrid",3.1168,0.0235
"148","295","OCCURRENCE","classic","reachedgrid",2.7945,0.0343
"149","295","IMPACT","area","center",1.8772,0.1076
"150","295","OCCURRENCE","area","center",0.261,0.9638
"151","295","IMPACT","area","centertogrid",5.106,0.0026
"152","295","OCCURRENCE","area","centertogrid",3.4945,0.0155
"153","295","IMPACT","area","reachedgrid",7.6372,2e-04
"154","295","OCCURRENCE","area","reachedgrid",6.3272,6e-04
"155","295","IMPACT","center","centertogrid",3.8914,0.0095
"156","295","OCCURRENCE","center","centertogrid",3.2782,0.0192
"157","295","IMPACT","center","reachedgrid",7.2812,2e-04
"158","295","OCCURRENCE","center","reachedgrid",3.4617,0.0156
"159","295","IMPACT","centertogrid","reachedgrid",0.5839,0.6655
"160","295","OCCURRENCE","centertogrid","reachedgrid",0.3014,0.942
"161","296","IMPACT","classic","area",4.0618,0.0082
"162","296","OCCURRENCE","classic","area",8.2237,1e-04
"163","296","IMPACT","classic","center",8.3221,1e-04
"164","296","OCCURRENCE","classic","center",4.2955,0.006
"165","296","IMPACT","classic","centertogrid",3.0993,0.0237
"166","296","OCCURRENCE","classic","centertogrid",3.2097,0.0208
"167","296","IMPACT","classic","reachedgrid",2.2261,0.0685
"168","296","OCCURRENCE","classic","reachedgrid",3.4943,0.0151
"169","296","IMPACT","area","center",2.2123,0.0707
"170","296","OCCURRENCE","area","center",0.2865,0.9473
"171","296","IMPACT","area","centertogrid",6.2448,7e-04
"172","296","OCCURRENCE","area","centertogrid",2.7584,0.0366
"173","296","IMPACT","area","reachedgrid",6.2468,7e-04
"174","296","OCCURRENCE","area","reachedgrid",4.793,0.0036
"175","296","IMPACT","center","centertogrid",4.2006,0.0067
"176","296","OCCURRENCE","center","centertogrid",2.4182,0.0536
"177","296","IMPACT","center","reachedgrid",8.1251,1e-04
"178","296","OCCURRENCE","center","reachedgrid",2.6427,0.0412
"179","296","IMPACT","centertogrid","reachedgrid",1.5456,0.1649
"180","296","OCCURRENCE","centertogrid","reachedgrid",0.145,0.9994
"181","298","IMPACT","classic","area",3.5562,0.0145
"182","298","OCCURRENCE","classic","area",9.6415,0
"183","298","IMPACT","classic","center",4.9648,0.0028
"184","298","OCCURRENCE","classic","center",4.8876,0.0031
"185","298","IMPACT","classic","centertogrid",2.5728,0.0444
"186","298","OCCURRENCE","classic","centertogrid",7.5287,2e-04
"187","298","IMPACT","classic","reachedgrid",2.4422,0.0525
"188","298","OCCURRENCE","classic","reachedgrid",6.7229,4e-04
"189","298","IMPACT","area","center",0.455,0.7912
"190","298","OCCURRENCE","area","center",1.2269,0.2574
"191","298","IMPACT","area","centertogrid",3.5422,0.0147
"192","298","OCCURRENCE","area","centertogrid",7.9672,1e-04
"193","298","IMPACT","area","reachedgrid",4.5964,0.0045
"194","298","OCCURRENCE","area","reachedgrid",7.8034,1e-04
"195","298","IMPACT","center","centertogrid",3.194,0.0211
"196","298","OCCURRENCE","center","centertogrid",5.5377,0.0015
"197","298","IMPACT","center","reachedgrid",3.9321,0.0092
"198","298","OCCURRENCE","center","reachedgrid",4.3501,0.0057
"199","298","IMPACT","centertogrid","reachedgrid",0.5907,0.6594
"200","298","OCCURRENCE","centertogrid","reachedgrid",0.6658,0.5906
"201","299","IMPACT","classic","area",4.0493,0.0083
"202","299","OCCURRENCE","classic","area",4.5939,0.0046
"203","299","IMPACT","classic","center",7.672,1e-04
"204","299","OCCURRENCE","classic","center",3.7822,0.0107
"205","299","IMPACT","classic","centertogrid",2.2241,0.0681
"206","299","OCCURRENCE","classic","centertogrid",1.5516,0.1629
"207","299","IMPACT","classic","reachedgrid",2.1561,0.0747
"208","299","OCCURRENCE","classic","reachedgrid",1.6888,0.1359
"209","299","IMPACT","area","center",1.4238,0.1958
"210","299","OCCURRENCE","area","center",0.1561,0.9981
"211","299","IMPACT","area","centertogrid",4.5955,0.0045
"212","299","OCCURRENCE","area","centertogrid",2.7763,0.0358
"213","299","IMPACT","area","reachedgrid",6.3908,6e-04
"214","299","OCCURRENCE","area","reachedgrid",3.6429,0.0131
"215","299","IMPACT","center","centertogrid",3.1565,0.0221
"216","299","OCCURRENCE","center","centertogrid",3.333,0.018
"217","299","IMPACT","center","reachedgrid",6.3017,6e-04
"218","299","OCCURRENCE","center","reachedgrid",3.3286,0.0182
"219","299","IMPACT","centertogrid","reachedgrid",0.5983,0.6517
"220","299","OCCURRENCE","centertogrid","reachedgrid",0.1563,0.9988
"221","300","IMPACT","classic","area",7.2515,2e-04
"222","300","OCCURRENCE","classic","area",4.997,0.0029
"223","300","IMPACT","classic","center",9.0977,0
"224","300","OCCURRENCE","classic","center",3.3335,0.018
"225","300","IMPACT","classic","centertogrid",3.4698,0.0154
"226","300","OCCURRENCE","classic","centertogrid",1.0761,0.3189
"227","300","IMPACT","classic","reachedgrid",3.4296,0.0163
"228","300","OCCURRENCE","classic","reachedgrid",2.0317,0.0872
"229","300","IMPACT","area","center",2.6445,0.0419
"230","300","OCCURRENCE","area","center",0.5722,0.6732
"231","300","IMPACT","area","centertogrid",5.4847,0.0017
"232","300","OCCURRENCE","area","centertogrid",3.252,0.0205
"233","300","IMPACT","area","reachedgrid",6.7259,4e-04
"234","300","OCCURRENCE","area","reachedgrid",5.9377,0.001
"235","300","IMPACT","center","centertogrid",3.848,0.01
"236","300","OCCURRENCE","center","centertogrid",2.3645,0.0573
"237","300","IMPACT","center","reachedgrid",7.9051,1e-04
"238","300","OCCURRENCE","center","reachedgrid",3.0188,0.0263
"239","300","IMPACT","centertogrid","reachedgrid",0.6818,0.5758
"240","300","OCCURRENCE","centertogrid","reachedgrid",0.1714,0.9975
"241","301","IMPACT","classic","area",4.3076,0.0063
"242","301","OCCURRENCE","classic","area",3.4784,0.0158
"243","301","IMPACT","classic","center",3.7238,0.0114
"244","301","OCCURRENCE","classic","center",1.9555,0.0957
"245","301","IMPACT","classic","centertogrid",0.944,0.388
"246","301","OCCURRENCE","classic","centertogrid",1.369,0.2096
"247","301","IMPACT","classic","reachedgrid",1.6201,0.1492
"248","301","OCCURRENCE","classic","reachedgrid",0.6852,0.5733
"249","301","IMPACT","area","center",0.8476,0.4474
"250","301","OCCURRENCE","area","center",0.429,0.8178
"251","301","IMPACT","area","centertogrid",2.9929,0.0278
"252","301","OCCURRENCE","area","centertogrid",3.1131,0.0241
"253","301","IMPACT","area","reachedgrid",5.7726,0.0012
"254","301","OCCURRENCE","area","reachedgrid",4.1755,0.0072
"255","301","IMPACT","center","centertogrid",2.855,0.0316
"256","301","OCCURRENCE","center","centertogrid",2.9105,0.0296
"257","301","IMPACT","center","reachedgrid",5.6078,0.0014
"258","301","OCCURRENCE","center","reachedgrid",2.8918,0.0305
"259","301","IMPACT","centertogrid","reachedgrid",0.4696,0.7814
"260","301","OCCURRENCE","centertogrid","reachedgrid",0.5651,0.6848
"261","302","IMPACT","classic","area",4.4207,0.0055
"262","302","OCCURRENCE","classic","area",4.1574,0.0074
"263","302","IMPACT","classic","center",5.6356,0.0013
"264","302","OCCURRENCE","classic","center",3.1541,0.0222
"265","302","IMPACT","classic","centertogrid",1.5728,0.1583
"266","302","OCCURRENCE","classic","centertogrid",2.1827,0.0717
"267","302","IMPACT","classic","reachedgrid",2.0492,0.0854
"268","302","OCCURRENCE","classic","reachedgrid",1.6504,0.143
"269","302","IMPACT","area","center",0.5016,0.7435
"270","302","OCCURRENCE","area","center",0.3779,0.8688
"271","302","IMPACT","area","centertogrid",2.8499,0.0329
"272","302","OCCURRENCE","area","centertogrid",3.4462,0.0164
"273","302","IMPACT","area","reachedgrid",5.0992,0.0026
"274","302","OCCURRENCE","area","reachedgrid",4.0562,0.0083
"275","302","IMPACT","center","centertogrid",2.5034,0.0483
"276","302","OCCURRENCE","center","centertogrid",3.7524,0.0111
"277","302","IMPACT","center","reachedgrid",5.0288,0.0027
"278","302","OCCURRENCE","center","reachedgrid",3.3629,0.0175
"279","302","IMPACT","centertogrid","reachedgrid",0.2275,0.9839
"280","302","OCCURRENCE","centertogrid","reachedgrid",0.3025,0.9414
"281","303","IMPACT","classic","area",6.0573,9e-04
"282","303","OCCURRENCE","classic","area",3.3536,0.0183
"283","303","IMPACT","classic","center",5.9047,0.001
"284","303","OCCURRENCE","classic","center",3.8255,0.0102
"285","303","IMPACT","classic","centertogrid",0.2113,0.9904
"286","303","OCCURRENCE","classic","centertogrid",1.1081,0.3043
"287","303","IMPACT","classic","reachedgrid",1.0214,0.3457
"288","303","OCCURRENCE","classic","reachedgrid",0.864,0.4375
"289","303","IMPACT","area","center",3.0302,0.0266
"290","303","OCCURRENCE","area","center",0.228,0.9807
"291","303","IMPACT","area","centertogrid",6.5858,5e-04
"292","303","OCCURRENCE","area","centertogrid",2.821,0.034
"293","303","IMPACT","area","reachedgrid",7.4972,2e-04
"294","303","OCCURRENCE","area","reachedgrid",4.2099,0.007
"295","303","IMPACT","center","centertogrid",4.9063,0.003
"296","303","OCCURRENCE","center","centertogrid",2.6423,0.0409
"297","303","IMPACT","center","reachedgrid",11.452,0
"298","303","OCCURRENCE","center","reachedgrid",4.0973,0.0076
"299","303","IMPACT","centertogrid","reachedgrid",0.9404,0.39
"300","303","OCCURRENCE","centertogrid","reachedgrid",0.2221,0.9861
"301","304","IMPACT","classic","area",5.8352,0.0011
"302","304","OCCURRENCE","classic","area",8.1743,1e-04
"303","304","IMPACT","classic","center",7.0007,3e-04
"304","304","OCCURRENCE","classic","center",4.1863,0.0068
"305","304","IMPACT","classic","centertogrid",2.73,0.0368
"306","304","OCCURRENCE","classic","centertogrid",2.0434,0.0855
"307","304","IMPACT","classic","reachedgrid",2.8217,0.0333
"308","304","OCCURRENCE","classic","reachedgrid",3.2525,0.02
"309","304","IMPACT","area","center",0.7528,0.5157
"310","304","OCCURRENCE","area","center",0.2322,0.9788
"311","304","IMPACT","area","centertogrid",3.6594,0.0129
"312","304","OCCURRENCE","area","centertogrid",3.2668,0.0202
"313","304","IMPACT","area","reachedgrid",5.18,0.0023
"314","304","OCCURRENCE","area","reachedgrid",5.0355,0.0028
"315","304","IMPACT","center","centertogrid",2.6646,0.0398
"316","304","OCCURRENCE","center","centertogrid",1.7715,0.1215
"317","304","IMPACT","center","reachedgrid",5.1357,0.0024
"318","304","OCCURRENCE","center","reachedgrid",2.4344,0.0529
"319","304","IMPACT","centertogrid","reachedgrid",0.6339,0.6186
"320","304","OCCURRENCE","centertogrid","reachedgrid",0.0583,1
"321","305","IMPACT","classic","area",5.7521,0.0012
"322","305","OCCURRENCE","classic","area",9.3693,0
"323","305","IMPACT","classic","center",5.9848,9e-04
"324","305","OCCURRENCE","classic","center",4.0935,0.0076
"325","305","IMPACT","classic","centertogrid",1.2876,0.235
"326","305","OCCURRENCE","classic","centertogrid",6.5611,5e-04
"327","305","IMPACT","classic","reachedgrid",1.7332,0.1284
"328","305","OCCURRENCE","classic","reachedgrid",4.8614,0.0032
"329","305","IMPACT","area","center",1.3799,0.208
"330","305","OCCURRENCE","area","center",0.5361,0.7088
"331","305","IMPACT","area","centertogrid",4.0586,0.0083
"332","305","OCCURRENCE","area","centertogrid",6.3575,6e-04
"333","305","IMPACT","area","reachedgrid",5.4691,0.0017
"334","305","OCCURRENCE","area","reachedgrid",5.5982,0.0015
"335","305","IMPACT","center","centertogrid",3.6432,0.0126
"336","305","OCCURRENCE","center","centertogrid",7.2289,2e-04
"337","305","IMPACT","center","reachedgrid",8.5572,1e-04
"338","305","OCCURRENCE","center","reachedgrid",4.6286,0.0042
"339","305","IMPACT","centertogrid","reachedgrid",0.5352,0.7141
"340","305","OCCURRENCE","centertogrid","reachedgrid",0.9613,0.378
"341","306","IMPACT","classic","area",6.7479,4e-04
"342","306","OCCURRENCE","classic","area",8.4383,1e-04
"343","306","IMPACT","classic","center",7.3115,2e-04
"344","306","OCCURRENCE","classic","center",2.5067,0.0481
"345","306","IMPACT","classic","centertogrid",2.1706,0.0728
"346","306","OCCURRENCE","classic","centertogrid",2.8863,0.0304
"347","306","IMPACT","classic","reachedgrid",2.3866,0.0562
"348","306","OCCURRENCE","classic","reachedgrid",4.1393,0.0073
"349","306","IMPACT","area","center",2.4586,0.0524
"350","306","OCCURRENCE","area","center",0.1725,0.9962
"351","306","IMPACT","area","centertogrid",5.5343,0.0016
"352","306","OCCURRENCE","area","centertogrid",3.3842,0.0176
"353","306","IMPACT","area","reachedgrid",5.7957,0.0012
"354","306","OCCURRENCE","area","reachedgrid",6.0141,9e-04
"355","306","IMPACT","center","centertogrid",3.8055,0.0104
"356","306","OCCURRENCE","center","centertogrid",3.1613,0.022
"357","306","IMPACT","center","reachedgrid",9.2553,0
"358","306","OCCURRENCE","center","reachedgrid",4.9893,0.0028
"359","306","IMPACT","centertogrid","reachedgrid",0.9558,0.3811
"360","306","OCCURRENCE","centertogrid","reachedgrid",0.0777,1
"361","307","IMPACT","classic","area",5.9637,0.001
"362","307","OCCURRENCE","classic","area",3.8239,0.0107
"363","307","IMPACT","classic","center",9.3153,0
"364","307","OCCURRENCE","classic","center",2.4861,0.0494
"365","307","IMPACT","classic","centertogrid",2.8708,0.0311
"366","307","OCCURRENCE","classic","centertogrid",0.7067,0.556
"367","307","IMPACT","classic","reachedgrid",2.7747,0.0352
"368","307","OCCURRENCE","classic","reachedgrid",0.7254,0.5396
"369","307","IMPACT","area","center",1.2343,0.2548
"370","307","OCCURRENCE","area","center",0.3242,0.918
"371","307","IMPACT","area","centertogrid",4.5133,0.005
"372","307","OCCURRENCE","area","centertogrid",3.3759,0.0178
"373","307","IMPACT","area","reachedgrid",6.4249,6e-04
"374","307","OCCURRENCE","area","reachedgrid",5.3847,0.0019
"375","307","IMPACT","center","centertogrid",3.4828,0.0151
"376","307","OCCURRENCE","center","centertogrid",2.6938,0.0384
"377","307","IMPACT","center","reachedgrid",6.7315,4e-04
"378","307","OCCURRENCE","center","reachedgrid",3.1294,0.0231
"379","307","IMPACT","centertogrid","reachedgrid",0.5002,0.7498
"380","307","OCCURRENCE","centertogrid","reachedgrid",0.1633,0.9983
"381","308","IMPACT","classic","area",5.8323,0.0011
"382","308","OCCURRENCE","classic","area",3.0016,0.0275
"383","308","IMPACT","classic","center",4.0777,0.0077
"384","308","OCCURRENCE","classic","center",2.5317,0.0466
"385","308","IMPACT","classic","centertogrid",2.6926,0.0384
"386","308","OCCURRENCE","classic","centertogrid",1.5094,0.1725
"387","308","IMPACT","classic","reachedgrid",2.6081,0.043
"388","308","OCCURRENCE","classic","reachedgrid",0.5553,0.6948
"389","308","IMPACT","area","center",1.2802,0.2389
"390","308","OCCURRENCE","area","center",0.526,0.7189
"391","308","IMPACT","area","centertogrid",3.6653,0.0128
"392","308","OCCURRENCE","area","centertogrid",4.917,0.0032
"393","308","IMPACT","area","reachedgrid",5.2419,0.0022
"394","308","OCCURRENCE","area","reachedgrid",4.186,0.0072
"395","308","IMPACT","center","centertogrid",2.1597,0.0737
"396","308","OCCURRENCE","center","centertogrid",5.351,0.0018
"397","308","IMPACT","center","reachedgrid",3.9393,0.0091
"398","308","OCCURRENCE","center","reachedgrid",3.7304,0.0115
"399","308","IMPACT","centertogrid","reachedgrid",0.8114,0.4737
"400","308","OCCURRENCE","centertogrid","reachedgrid",0.8497,0.4472
"401","310","IMPACT","classic","area",4.3334,0.0061
"402","310","OCCURRENCE","classic","area",6.3677,6e-04
"403","310","IMPACT","classic","center",3.6939,0.0118
"404","310","OCCURRENCE","classic","center",3.4273,0.0161
"405","310","IMPACT","classic","centertogrid",0.6098,0.643
"406","310","OCCURRENCE","classic","centertogrid",4.6,0.0042
"407","310","IMPACT","classic","reachedgrid",0.8002,0.4818
"408","310","OCCURRENCE","classic","reachedgrid",1.0734,0.3202
"409","310","IMPACT","area","center",1.0362,0.3384
"410","310","OCCURRENCE","area","center",1.2603,0.2456
"411","310","IMPACT","area","centertogrid",4.326,0.0061
"412","310","OCCURRENCE","area","centertogrid",9.2098,0
"413","310","IMPACT","area","reachedgrid",4.8571,0.0034
"414","310","OCCURRENCE","area","reachedgrid",8.2591,1e-04
"415","310","IMPACT","center","centertogrid",3.2382,0.0201
"416","310","OCCURRENCE","center","centertogrid",8.4578,1e-04
"417","310","IMPACT","center","reachedgrid",7.2009,2e-04
"418","310","OCCURRENCE","center","reachedgrid",5.1503,0.0023
"419","310","IMPACT","centertogrid","reachedgrid",0.5349,0.7147
"420","310","OCCURRENCE","centertogrid","reachedgrid",2.0492,0.0851
"421","311","IMPACT","classic","area",9.3828,0
"422","311","OCCURRENCE","classic","area",2.8644,0.0323
"423","311","IMPACT","classic","center",6.6935,4e-04
"424","311","OCCURRENCE","classic","center",2.0776,0.0818
"425","311","IMPACT","classic","centertogrid",0.343,0.9103
"426","311","OCCURRENCE","classic","centertogrid",1.1816,0.2735
"427","311","IMPACT","classic","reachedgrid",2.7519,0.0361
"428","311","OCCURRENCE","classic","reachedgrid",0.4355,0.8178
"429","311","IMPACT","area","center",3.6797,0.0126
"430","311","OCCURRENCE","area","center",0.9494,0.3845
"431","311","IMPACT","area","centertogrid",10.862,0
"432","311","OCCURRENCE","area","centertogrid",4.5869,0.0046
"433","311","IMPACT","area","reachedgrid",6.9825,3e-04
"434","311","OCCURRENCE","area","reachedgrid",5.0771,0.0026
"435","311","IMPACT","center","centertogrid",6.9997,3e-04
"436","311","OCCURRENCE","center","centertogrid",4.2126,0.0066
"437","311","IMPACT","center","reachedgrid",14.715,0
"438","311","OCCURRENCE","center","reachedgrid",3.5674,0.0138
"439","311","IMPACT","centertogrid","reachedgrid",2.9552,0.0284
"440","311","OCCURRENCE","centertogrid","reachedgrid",0.555,0.695
"441","312","IMPACT","classic","area",5.9068,0.0011
"442","312","OCCURRENCE","classic","area",4.685,0.0041
"443","312","IMPACT","classic","center",5.7665,0.0011
"444","312","OCCURRENCE","classic","center",2.0003,0.0901
"445","312","IMPACT","classic","centertogrid",2.3216,0.0601
"446","312","OCCURRENCE","classic","centertogrid",2.1016,0.0792
"447","312","IMPACT","classic","reachedgrid",2.3977,0.0553
"448","312","OCCURRENCE","classic","reachedgrid",1.7263,0.1291
"449","312","IMPACT","area","center",1.0718,0.3214
"450","312","OCCURRENCE","area","center",0.3937,0.8532
"451","312","IMPACT","area","centertogrid",2.9145,0.0305
"452","312","OCCURRENCE","area","centertogrid",2.5902,0.0447
"453","312","IMPACT","area","reachedgrid",4.2562,0.0066
"454","312","OCCURRENCE","area","reachedgrid",3.3205,0.0189
"455","312","IMPACT","center","centertogrid",2.8812,0.0305
"456","312","OCCURRENCE","center","centertogrid",3.1249,0.0228
"457","312","IMPACT","center","reachedgrid",6.2948,6e-04
"458","312","OCCURRENCE","center","reachedgrid",2.7699,0.0352
"459","312","IMPACT","centertogrid","reachedgrid",0.8962,0.4168
"460","312","OCCURRENCE","centertogrid","reachedgrid",0.2908,0.9506
"461","313","IMPACT","classic","area",7.6909,2e-04
"462","313","OCCURRENCE","classic","area",5.3811,0.0019
"463","313","IMPACT","classic","center",4.55,0.0045
"464","313","OCCURRENCE","classic","center",3.8263,0.0102
"465","313","IMPACT","classic","centertogrid",0.483,0.7706
"466","313","OCCURRENCE","classic","centertogrid",3.3873,0.0169
"467","313","IMPACT","classic","reachedgrid",1.9746,0.0939
"468","313","OCCURRENCE","classic","reachedgrid",2.9325,0.0291
"469","313","IMPACT","area","center",1.8987,0.1047
"470","313","OCCURRENCE","area","center",0.3027,0.9354
"471","313","IMPACT","area","centertogrid",4.4932,0.0051
"472","313","OCCURRENCE","area","centertogrid",3.0914,0.0248
"473","313","IMPACT","area","reachedgrid",6.0899,9e-04
"474","313","OCCURRENCE","area","reachedgrid",3.4521,0.0163
"475","313","IMPACT","center","centertogrid",4.0944,0.0075
"476","313","OCCURRENCE","center","centertogrid",2.4681,0.0504
"477","313","IMPACT","center","reachedgrid",9.6804,0
"478","313","OCCURRENCE","center","reachedgrid",2.7513,0.0361
"479","313","IMPACT","centertogrid","reachedgrid",0.5522,0.697
"480","313","OCCURRENCE","centertogrid","reachedgrid",0.34,0.9107
"481","314","IMPACT","classic","area",4.8831,0.0033
"482","314","OCCURRENCE","classic","area",4.5435,0.0048
"483","314","IMPACT","classic","center",6.3573,6e-04
"484","314","OCCURRENCE","classic","center",3.54,0.014
"485","314","IMPACT","classic","centertogrid",2.2277,0.0676
"486","314","OCCURRENCE","classic","centertogrid",1.0354,0.3385
"487","314","IMPACT","classic","reachedgrid",2.5861,0.0441
"488","314","OCCURRENCE","classic","reachedgrid",1.6346,0.1459
"489","314","IMPACT","area","center",0.9298,0.3958
"490","314","OCCURRENCE","area","center",0.3518,0.8934
"491","314","IMPACT","area","centertogrid",2.8427,0.0332
"492","314","OCCURRENCE","area","centertogrid",2.7224,0.0382
"493","314","IMPACT","area","reachedgrid",4.7801,0.0037
"494","314","OCCURRENCE","area","reachedgrid",4.3489,0.006
"495","314","IMPACT","center","centertogrid",2.1473,0.0748
"496","314","OCCURRENCE","center","centertogrid",3.0688,0.0244
"497","314","IMPACT","center","reachedgrid",4.0786,0.0078
"498","314","OCCURRENCE","center","reachedgrid",2.5003,0.0487
"499","314","IMPACT","centertogrid","reachedgrid",0.2769,0.9587
"500","314","OCCURRENCE","centertogrid","reachedgrid",0.5323,0.7183
"501","315","IMPACT","classic","area",4.1093,0.0078
"502","315","OCCURRENCE","classic","area",3.3152,0.0191
"503","315","IMPACT","classic","center",6.1557,7e-04
"504","315","OCCURRENCE","classic","center",2.5342,0.0465
"505","315","IMPACT","classic","centertogrid",1.0257,0.3434
"506","315","OCCURRENCE","classic","centertogrid",2.0094,0.0892
"507","315","IMPACT","classic","reachedgrid",1.9571,0.0961
"508","315","OCCURRENCE","classic","reachedgrid",0.7254,0.5398
"509","315","IMPACT","area","center",1.2513,0.2487
"510","315","OCCURRENCE","area","center",1.0434,0.3349
"511","315","IMPACT","area","centertogrid",3.3552,0.0182
"512","315","OCCURRENCE","area","centertogrid",7.5898,2e-04
"513","315","IMPACT","area","reachedgrid",6.2069,7e-04
"514","315","OCCURRENCE","area","reachedgrid",6.4865,5e-04
"515","315","IMPACT","center","centertogrid",3.2078,0.0208
"516","315","OCCURRENCE","center","centertogrid",5.846,0.001
"517","315","IMPACT","center","reachedgrid",4.6646,0.004
"518","315","OCCURRENCE","center","reachedgrid",3.9689,0.0088
"519","315","IMPACT","centertogrid","reachedgrid",0.5138,0.7359
"520","315","OCCURRENCE","centertogrid","reachedgrid",1.0423,0.3352
"521","316","IMPACT","classic","area",8.6296,1e-04
"522","316","OCCURRENCE","classic","area",6.6627,4e-04
"523","316","IMPACT","classic","center",6.6502,4e-04
"524","316","OCCURRENCE","classic","center",1.8554,0.1087
"525","316","IMPACT","classic","centertogrid",0.9581,0.3799
"526","316","OCCURRENCE","classic","centertogrid",2.1204,0.0774
"527","316","IMPACT","classic","reachedgrid",2.6757,0.0395
"528","316","OCCURRENCE","classic","reachedgrid",1.7892,0.1189
"529","316","IMPACT","area","center",2.444,0.0533
"530","316","OCCURRENCE","area","center",0.4218,0.8251
"531","316","IMPACT","area","centertogrid",5.7773,0.0012
"532","316","OCCURRENCE","area","centertogrid",2.3778,0.0577
"533","316","IMPACT","area","reachedgrid",5.8627,0.0011
"534","316","OCCURRENCE","area","reachedgrid",3.9548,0.0092
"535","316","IMPACT","center","centertogrid",5.3975,0.0017
"536","316","OCCURRENCE","center","centertogrid",2.7956,0.0339
"537","316","IMPACT","center","reachedgrid",12.589,0
"538","316","OCCURRENCE","center","reachedgrid",2.9152,0.0296
"539","316","IMPACT","centertogrid","reachedgrid",1.1635,0.281
"540","316","OCCURRENCE","centertogrid","reachedgrid",0.1109,1
"541","318","IMPACT","classic","area",7.4024,2e-04
"542","318","OCCURRENCE","classic","area",7.7915,1e-04
"543","318","IMPACT","classic","center",11.211,0
"544","318","OCCURRENCE","classic","center",3.4641,0.0154
"545","318","IMPACT","classic","centertogrid",2.8735,0.0308
"546","318","OCCURRENCE","classic","centertogrid",3.1398,0.0225
"547","318","IMPACT","classic","reachedgrid",3.0943,0.024
"548","318","OCCURRENCE","classic","reachedgrid",3.32,0.0184
"549","318","IMPACT","area","center",2.4041,0.056
"550","318","OCCURRENCE","area","center",0.242,0.9741
"551","318","IMPACT","area","centertogrid",5.9257,0.001
"552","318","OCCURRENCE","area","centertogrid",2.0145,0.0904
"553","318","IMPACT","area","reachedgrid",6.0623,9e-04
"554","318","OCCURRENCE","area","reachedgrid",3.1734,0.0225
"555","318","IMPACT","center","centertogrid",4.924,0.0029
"556","318","OCCURRENCE","center","centertogrid",1.9075,0.1016
"557","318","IMPACT","center","reachedgrid",12.13,0
"558","318","OCCURRENCE","center","reachedgrid",2.2304,0.0678
"559","318","IMPACT","centertogrid","reachedgrid",1.2358,0.2533
"560","318","OCCURRENCE","centertogrid","reachedgrid",0.098,1
"561","320","IMPACT","classic","area",6.3134,7e-04
"562","320","OCCURRENCE","classic","area",4.0261,0.0085
"563","320","IMPACT","classic","center",4.97,0.0028
"564","320","OCCURRENCE","classic","center",2.6694,0.0395
"565","320","IMPACT","classic","centertogrid",0.162,0.9986
"566","320","OCCURRENCE","classic","centertogrid",1.2343,0.2535
"567","320","IMPACT","classic","reachedgrid",0.9522,0.3831
"568","320","OCCURRENCE","classic","reachedgrid",1.2628,0.2438
"569","320","IMPACT","area","center",2.1328,0.078
"570","320","OCCURRENCE","area","center",0.3701,0.8763
"571","320","IMPACT","area","centertogrid",6.2502,7e-04
"572","320","OCCURRENCE","area","centertogrid",1.9722,0.0954
"573","320","IMPACT","area","reachedgrid",6.9459,3e-04
"574","320","OCCURRENCE","area","reachedgrid",3.398,0.0173
"575","320","IMPACT","center","centertogrid",4.7487,0.0036
"576","320","OCCURRENCE","center","centertogrid",2.1445,0.0753
"577","320","IMPACT","center","reachedgrid",10.482,0
"578","320","OCCURRENCE","center","reachedgrid",2.9751,0.0277
"579","320","IMPACT","centertogrid","reachedgrid",0.8542,0.444
"580","320","OCCURRENCE","centertogrid","reachedgrid",0.0276,1
"581","321","IMPACT","classic","area",4.7506,0.0038
"582","321","OCCURRENCE","classic","area",4.729,0.0039
"583","321","IMPACT","classic","center",8.0124,1e-04
"584","321","OCCURRENCE","classic","center",4.5444,0.0045
"585","321","IMPACT","classic","centertogrid",4.1097,0.0074
"586","321","OCCURRENCE","classic","centertogrid",2.0731,0.0823
"587","321","IMPACT","classic","reachedgrid",2.0573,0.0845
"588","321","OCCURRENCE","classic","reachedgrid",1.1544,0.2847
"589","321","IMPACT","area","center",1.1476,0.2882
"590","321","OCCURRENCE","area","center",1.311,0.2288
"591","321","IMPACT","area","centertogrid",4.8834,0.0033
"592","321","OCCURRENCE","area","centertogrid",5.5457,0.0016
"593","321","IMPACT","area","reachedgrid",5.6998,0.0013
"594","321","OCCURRENCE","area","reachedgrid",5.8043,0.0012
"595","321","IMPACT","center","centertogrid",3.1472,0.0224
"596","321","OCCURRENCE","center","centertogrid",3.8802,0.0096
"597","321","IMPACT","center","reachedgrid",6.1504,8e-04
"598","321","OCCURRENCE","center","reachedgrid",4.9971,0.0027
"599","321","IMPACT","centertogrid","reachedgrid",1.1354,0.2927
"600","321","OCCURRENCE","centertogrid","reachedgrid",0.5457,0.7042
"601","324","IMPACT","classic","area",9.4331,0
"602","324","OCCURRENCE","classic","area",2.2898,0.0643
"603","324","IMPACT","classic","center",6.4676,5e-04
"604","324","OCCURRENCE","classic","center",2.1271,0.0765
"605","324","IMPACT","classic","centertogrid",1.3755,0.2072
"606","324","OCCURRENCE","classic","centertogrid",0.7505,0.5211
"607","324","IMPACT","classic","reachedgrid",3.5976,0.0133
"608","324","OCCURRENCE","classic","reachedgrid",1.2786,0.238
"609","324","IMPACT","area","center",1.898,0.1048
"610","324","OCCURRENCE","area","center",0.4048,0.842
"611","324","IMPACT","area","centertogrid",3.2399,0.0209
"612","324","OCCURRENCE","area","centertogrid",2.2309,0.0691
"613","324","IMPACT","area","reachedgrid",4.5258,0.0049
"614","324","OCCURRENCE","area","reachedgrid",3.7834,0.0112
"615","324","IMPACT","center","centertogrid",3.9533,0.0087
"616","324","OCCURRENCE","center","centertogrid",2.0837,0.0808
"617","324","IMPACT","center","reachedgrid",9.0743,0
"618","324","OCCURRENCE","center","reachedgrid",2.7985,0.0339
"619","324","IMPACT","centertogrid","reachedgrid",0.6064,0.6449
"620","324","OCCURRENCE","centertogrid","reachedgrid",0.0798,1
"621","326","IMPACT","classic","area",7.087,3e-04
"622","326","OCCURRENCE","classic","area",6.6412,5e-04
"623","326","IMPACT","classic","center",6.1675,7e-04
"624","326","OCCURRENCE","classic","center",4.9864,0.0027
"625","326","IMPACT","classic","centertogrid",1.4235,0.1942
"626","326","OCCURRENCE","classic","centertogrid",1.2498,0.2479
"627","326","IMPACT","classic","reachedgrid",2.7375,0.0368
"628","326","OCCURRENCE","classic","reachedgrid",1.9624,0.0953
"629","326","IMPACT","area","center",1.4403,0.1915
"630","326","OCCURRENCE","area","center",1.0373,0.3379
"631","326","IMPACT","area","centertogrid",3.8247,0.0107
"632","326","OCCURRENCE","area","centertogrid",3.9943,0.0089
"633","326","IMPACT","area","reachedgrid",5.3206,0.002
"634","326","OCCURRENCE","area","reachedgrid",4.4875,0.0051
"635","326","IMPACT","center","centertogrid",3.2645,0.0195
"636","326","OCCURRENCE","center","centertogrid",2.8463,0.0319
"637","326","IMPACT","center","reachedgrid",6.0879,8e-04
"638","326","OCCURRENCE","center","reachedgrid",6.0865,8e-04
"639","326","IMPACT","centertogrid","reachedgrid",0.4852,0.7655
"640","326","OCCURRENCE","centertogrid","reachedgrid",0.5364,0.7134
"641","327","IMPACT","classic","area",7.116,3e-04
"642","327","OCCURRENCE","classic","area",11.615,0
"643","327","IMPACT","classic","center",10.543,0
"644","327","OCCURRENCE","classic","center",4.6793,0.0039
"645","327","IMPACT","classic","centertogrid",1.9732,0.0933
"646","327","OCCURRENCE","classic","centertogrid",3.4208,0.0162
"647","327","IMPACT","classic","reachedgrid",5.7242,0.0012
"648","327","OCCURRENCE","classic","reachedgrid",4.7714,0.0035
"649","327","IMPACT","area","center",0.8223,0.4647
"650","327","OCCURRENCE","area","center",0.5305,0.7143
"651","327","IMPACT","area","centertogrid",3.9911,0.0089
"652","327","OCCURRENCE","area","centertogrid",4.4257,0.0055
"653","327","IMPACT","area","reachedgrid",7.2166,3e-04
"654","327","OCCURRENCE","area","reachedgrid",4.9819,0.0029
"655","327","IMPACT","center","centertogrid",5.8657,0.001
"656","327","OCCURRENCE","center","centertogrid",3.1796,0.0214
"657","327","IMPACT","center","reachedgrid",4.3659,0.0057
"658","327","OCCURRENCE","center","reachedgrid",3.5064,0.0148
"659","327","IMPACT","centertogrid","reachedgrid",2.6017,0.0433
"660","327","OCCURRENCE","centertogrid","reachedgrid",1.1957,0.2682
"661","328","IMPACT","classic","area",5.6958,0.0013
"662","328","OCCURRENCE","classic","area",5.8717,0.0011
"663","328","IMPACT","classic","center",8.1494,1e-04
"664","328","OCCURRENCE","classic","center",2.1969,0.0703
"665","328","IMPACT","classic","centertogrid",3.7334,0.0113
"666","328","OCCURRENCE","classic","centertogrid",3.0334,0.0255
"667","328","IMPACT","classic","reachedgrid",4.1835,0.0069
"668","328","OCCURRENCE","classic","reachedgrid",2.0275,0.0876
"669","328","IMPACT","area","center",1.4675,0.1845
"670","328","OCCURRENCE","area","center",0.2306,0.9795
"671","328","IMPACT","area","centertogrid",4.8669,0.0033
"672","328","OCCURRENCE","area","centertogrid",3.6656,0.0128
"673","328","IMPACT","area","reachedgrid",6.6757,4e-04
"674","328","OCCURRENCE","area","reachedgrid",5.0299,0.0028
"675","328","IMPACT","center","centertogrid",2.5918,0.0433
"676","328","OCCURRENCE","center","centertogrid",3.5862,0.0133
"677","328","IMPACT","center","reachedgrid",4.7085,0.0038
"678","328","OCCURRENCE","center","reachedgrid",3.7496,0.0112
"679","328","IMPACT","centertogrid","reachedgrid",0.8842,0.4243
"680","328","OCCURRENCE","centertogrid","reachedgrid",1.0931,0.3112
"681","329","IMPACT","classic","area",5.0432,0.0027
"682","329","OCCURRENCE","classic","area",4.4167,0.0056
"683","329","IMPACT","classic","center",4.4838,0.0048
"684","329","OCCURRENCE","classic","center",2.2378,0.0668
"685","329","IMPACT","classic","centertogrid",0.3878,0.8687
"686","329","OCCURRENCE","classic","centertogrid",1.0071,0.3531
"687","329","IMPACT","classic","reachedgrid",1.2787,0.2384
"688","329","OCCURRENCE","classic","reachedgrid",1.0648,0.3243
"689","329","IMPACT","area","center",0.5153,0.7295
"690","329","OCCURRENCE","area","center",0.3867,0.8601
"691","329","IMPACT","area","centertogrid",2.6897,0.0398
"692","329","OCCURRENCE","area","centertogrid",2.2394,0.0684
"693","329","IMPACT","area","reachedgrid",5.3164,0.002
"694","329","OCCURRENCE","area","reachedgrid",3.402,0.0172
"695","329","IMPACT","center","centertogrid",3.3201,0.0182
"696","329","OCCURRENCE","center","centertogrid",2.2661,0.0645
"697","329","IMPACT","center","reachedgrid",6.1332,8e-04
"698","329","OCCURRENCE","center","reachedgrid",2.3548,0.0582
"699","329","IMPACT","centertogrid","reachedgrid",0.161,0.9984
"700","329","OCCURRENCE","centertogrid","reachedgrid",0.1618,0.9985
"701","330","IMPACT","classic","area",6.9357,3e-04
"702","330","OCCURRENCE","classic","area",10.538,0
"703","330","IMPACT","classic","center",7.1105,3e-04
"704","330","OCCURRENCE","classic","center",3.842,0.01
"705","330","IMPACT","classic","centertogrid",0.3196,0.9306
"706","330","OCCURRENCE","classic","centertogrid",2.8142,0.0331
"707","330","IMPACT","classic","reachedgrid",1.4629,0.1844
"708","330","OCCURRENCE","classic","reachedgrid",4.4063,0.0054
"709","330","IMPACT","area","center",2.2072,0.0711
"710","330","OCCURRENCE","area","center",0.2065,0.9886
"711","330","IMPACT","area","centertogrid",7.2683,2e-04
"712","330","OCCURRENCE","area","centertogrid",2.5409,0.0475
"713","330","IMPACT","area","reachedgrid",7.1729,3e-04
"714","330","OCCURRENCE","area","reachedgrid",4.3565,0.0059
"715","330","IMPACT","center","centertogrid",6.4316,5e-04
"716","330","OCCURRENCE","center","centertogrid",1.768,0.1219
"717","330","IMPACT","center","reachedgrid",14.136,0
"718","330","OCCURRENCE","center","reachedgrid",2.6039,0.043
"719","330","IMPACT","centertogrid","reachedgrid",1.3487,0.216
"720","330","OCCURRENCE","centertogrid","reachedgrid",0.0773,1
"721","331","IMPACT","classic","area",5.1926,0.0023
"722","331","OCCURRENCE","classic","area",9.1078,0
"723","331","IMPACT","classic","center",4.239,0.0064
"724","331","OCCURRENCE","classic","center",3.1365,0.0226
"725","331","IMPACT","classic","centertogrid",0.6522,0.6038
"726","331","OCCURRENCE","classic","centertogrid",2.8539,0.0316
"727","331","IMPACT","classic","reachedgrid",0.9265,0.3982
"728","331","OCCURRENCE","classic","reachedgrid",3.2747,0.0194
"729","331","IMPACT","area","center",1.0608,0.3266
"730","331","OCCURRENCE","area","center",0.1772,0.9954
"731","331","IMPACT","area","centertogrid",3.95,0.0093
"732","331","OCCURRENCE","area","centertogrid",3.3125,0.0192
"733","331","IMPACT","area","reachedgrid",6.3857,6e-04
"734","331","OCCURRENCE","area","reachedgrid",6.0602,9e-04
"735","331","IMPACT","center","centertogrid",2.9855,0.027
"736","331","OCCURRENCE","center","centertogrid",3.0352,0.0255
"737","331","IMPACT","center","reachedgrid",6.4409,5e-04
"738","331","OCCURRENCE","center","reachedgrid",4.1603,0.0071
"739","331","IMPACT","centertogrid","reachedgrid",0.4074,0.8455
"740","331","OCCURRENCE","centertogrid","reachedgrid",0.0477,1
"741","333","IMPACT","classic","area",4.7059,0.004
"742","333","OCCURRENCE","classic","area",11.513,0
"743","333","IMPACT","classic","center",7.422,2e-04
"744","333","OCCURRENCE","classic","center",4.9536,0.0028
"745","333","IMPACT","classic","centertogrid",1.4692,0.1822
"746","333","OCCURRENCE","classic","centertogrid",4.4027,0.0053
"747","333","IMPACT","classic","reachedgrid",1.5544,0.1628
"748","333","OCCURRENCE","classic","reachedgrid",4.282,0.0062
"749","333","IMPACT","area","center",0.6977,0.5598
"750","333","OCCURRENCE","area","center",0.6113,0.636
"751","333","IMPACT","area","centertogrid",3.2548,0.0205
"752","333","OCCURRENCE","area","centertogrid",3.9054,0.0098
"753","333","IMPACT","area","reachedgrid",5.9657,0.001
"754","333","OCCURRENCE","area","reachedgrid",5.9113,0.001
"755","333","IMPACT","center","centertogrid",3.424,0.0161
"756","333","OCCURRENCE","center","centertogrid",3.4967,0.0148
"757","333","IMPACT","center","reachedgrid",6.9498,3e-04
"758","333","OCCURRENCE","center","reachedgrid",3.9055,0.0094
"759","333","IMPACT","centertogrid","reachedgrid",0.2756,0.9594
"760","333","OCCURRENCE","centertogrid","reachedgrid",0.6649,0.5912
"761","334","IMPACT","classic","area",5.6552,0.0014
"762","334","OCCURRENCE","classic","area",6.4525,6e-04
"763","334","IMPACT","classic","center",7.9274,1e-04
"764","334","OCCURRENCE","classic","center",3.5033,0.0147
"765","334","IMPACT","classic","centertogrid",2.8586,0.0314
"766","334","OCCURRENCE","classic","centertogrid",2.5084,0.048
"767","334","IMPACT","classic","reachedgrid",3.7282,0.0116
"768","334","OCCURRENCE","classic","reachedgrid",3.3,0.0189
"769","334","IMPACT","area","center",0.7658,0.5057
"770","334","OCCURRENCE","area","center",0.6854,0.5702
"771","334","IMPACT","area","centertogrid",3.4568,0.0162
"772","334","OCCURRENCE","area","centertogrid",4.1964,0.0071
"773","334","IMPACT","area","reachedgrid",6.2614,7e-04
"774","334","OCCURRENCE","area","reachedgrid",6.0652,9e-04
"775","334","IMPACT","center","centertogrid",3.2458,0.0199
"776","334","OCCURRENCE","center","centertogrid",3.2857,0.019
"777","334","IMPACT","center","reachedgrid",4.9212,0.003
"778","334","OCCURRENCE","center","reachedgrid",3.4444,0.0159
"779","334","IMPACT","centertogrid","reachedgrid",0.5144,0.7354
"780","334","OCCURRENCE","centertogrid","reachedgrid",0.4834,0.7681
"781","335","IMPACT","classic","area",7.5879,2e-04
"782","335","OCCURRENCE","classic","area",8.2014,1e-04
"783","335","IMPACT","classic","center",12.574,0
"784","335","OCCURRENCE","classic","center",5.6009,0.0014
"785","335","IMPACT","classic","centertogrid",4.7616,0.0035
"786","335","OCCURRENCE","classic","centertogrid",3.1132,0.0233
"787","335","IMPACT","classic","reachedgrid",4.3713,0.0056
"788","335","OCCURRENCE","classic","reachedgrid",2.8495,0.0321
"789","335","IMPACT","area","center",2.1597,0.0754
"790","335","OCCURRENCE","area","center",1.0742,0.3202
"791","335","IMPACT","area","centertogrid",4.9113,0.0032
"792","335","OCCURRENCE","area","centertogrid",7.1144,3e-04
"793","335","IMPACT","area","reachedgrid",6.1834,8e-04
"794","335","OCCURRENCE","area","reachedgrid",5.6906,0.0013
"795","335","IMPACT","center","centertogrid",4.189,0.0068
"796","335","OCCURRENCE","center","centertogrid",3.038,0.0254
"797","335","IMPACT","center","reachedgrid",7.3852,2e-04
"798","335","OCCURRENCE","center","reachedgrid",5.3136,0.0019
"799","335","IMPACT","centertogrid","reachedgrid",0.5071,0.743
"800","335","OCCURRENCE","centertogrid","reachedgrid",0.9321,0.3949
"801","336","IMPACT","classic","area",10.284,0
"802","336","OCCURRENCE","classic","area",8.5324,1e-04
"803","336","IMPACT","classic","center",19.855,0
"804","336","OCCURRENCE","classic","center",7.4282,2e-04
"805","336","IMPACT","classic","centertogrid",9.4349,0
"806","336","OCCURRENCE","classic","centertogrid",2.7478,0.0359
"807","336","IMPACT","classic","reachedgrid",8.634,0
"808","336","OCCURRENCE","classic","reachedgrid",3.1659,0.0221
"809","336","IMPACT","area","center",2.2477,0.0677
"810","336","OCCURRENCE","area","center",0.4779,0.7678
"811","336","IMPACT","area","centertogrid",4.8076,0.0036
"812","336","OCCURRENCE","area","centertogrid",3.0794,0.0251
"813","336","IMPACT","area","reachedgrid",7.5056,2e-04
"814","336","OCCURRENCE","area","reachedgrid",5.7134,0.0013
"815","336","IMPACT","center","centertogrid",4.9491,0.0028
"816","336","OCCURRENCE","center","centertogrid",3.4551,0.0156
"817","336","IMPACT","center","reachedgrid",8.7956,0
"818","336","OCCURRENCE","center","reachedgrid",4.8638,0.0032
"819","336","IMPACT","centertogrid","reachedgrid",0.4145,0.838
"820","336","OCCURRENCE","centertogrid","reachedgrid",0.0445,1
"821","337","IMPACT","classic","area",7.0519,3e-04
"822","337","OCCURRENCE","classic","area",12.292,0
"823","337","IMPACT","classic","center",11.171,0
"824","337","OCCURRENCE","classic","center",4.0535,0.0079
"825","337","IMPACT","classic","centertogrid",4.5205,0.0046
"826","337","OCCURRENCE","classic","centertogrid",4.3532,0.0056
"827","337","IMPACT","classic","reachedgrid",4.72,0.0038
"828","337","OCCURRENCE","classic","reachedgrid",5.7263,0.0012
"829","337","IMPACT","area","center",1.374,0.2097
"830","337","OCCURRENCE","area","center",0.3792,0.8674
"831","337","IMPACT","area","centertogrid",4.1765,0.0073
"832","337","OCCURRENCE","area","centertogrid",2.6849,0.04
"833","337","IMPACT","area","reachedgrid",6.978,3e-04
"834","337","OCCURRENCE","area","reachedgrid",3.7511,0.0116
"835","337","IMPACT","center","centertogrid",3.2809,0.019
"836","337","OCCURRENCE","center","centertogrid",2.3096,0.0611
"837","337","IMPACT","center","reachedgrid",6.1163,8e-04
"838","337","OCCURRENCE","center","reachedgrid",3.2604,0.0197
"839","337","IMPACT","centertogrid","reachedgrid",0.3765,0.8763
"840","337","OCCURRENCE","centertogrid","reachedgrid",0.2331,0.9823
"841","338","IMPACT","classic","area",6.6423,5e-04
"842","338","OCCURRENCE","classic","area",7.7628,1e-04
"843","338","IMPACT","classic","center",10.126,0
"844","338","OCCURRENCE","classic","center",2.7996,0.0337
"845","338","IMPACT","classic","centertogrid",3.5632,0.0137
"846","338","OCCURRENCE","classic","centertogrid",3.1575,0.022
"847","338","IMPACT","classic","reachedgrid",4.555,0.0046
"848","338","OCCURRENCE","classic","reachedgrid",2.1127,0.0787
"849","338","IMPACT","area","center",1.0276,0.3427
"850","338","OCCURRENCE","area","center",0.2568,0.9662
"851","338","IMPACT","area","centertogrid",3.7713,0.0114
"852","338","OCCURRENCE","area","centertogrid",3.164,0.0228
"853","338","IMPACT","area","reachedgrid",6.4629,5e-04
"854","338","OCCURRENCE","area","reachedgrid",4.4258,0.0055
"855","338","IMPACT","center","centertogrid",3.37,0.0172
"856","338","OCCURRENCE","center","centertogrid",2.4887,0.0491
"857","338","IMPACT","center","reachedgrid",5.4534,0.0017
"858","338","OCCURRENCE","center","reachedgrid",1.9622,0.0952
"859","338","IMPACT","centertogrid","reachedgrid",0.6897,0.5692
"860","338","OCCURRENCE","centertogrid","reachedgrid",0.5842,0.6662
"861","339","IMPACT","classic","area",3.6414,0.0132
"862","339","OCCURRENCE","classic","area",10.14,0
"863","339","IMPACT","classic","center",5.1974,0.0021
"864","339","OCCURRENCE","classic","center",5.1383,0.0023
"865","339","IMPACT","classic","centertogrid",1.2889,0.2342
"866","339","OCCURRENCE","classic","centertogrid",3.7875,0.0105
"867","339","IMPACT","classic","reachedgrid",1.3676,0.2103
"868","339","OCCURRENCE","classic","reachedgrid",4.804,0.0034
"869","339","IMPACT","area","center",1.5996,0.1545
"870","339","OCCURRENCE","area","center",0.5258,0.7189
"871","339","IMPACT","area","centertogrid",3.4097,0.0171
"872","339","OCCURRENCE","area","centertogrid",2.5334,0.0479
"873","339","IMPACT","area","reachedgrid",4.4997,0.0051
"874","339","OCCURRENCE","area","reachedgrid",4.4183,0.0055
"875","339","IMPACT","center","centertogrid",2.4937,0.0486
"876","339","OCCURRENCE","center","centertogrid",1.9796,0.0924
"877","339","IMPACT","center","reachedgrid",5.1234,0.0024
"878","339","OCCURRENCE","center","reachedgrid",2.3417,0.0591
"879","339","IMPACT","centertogrid","reachedgrid",0.3694,0.884
"880","339","OCCURRENCE","centertogrid","reachedgrid",0.2016,0.9927
"881","340","IMPACT","classic","area",4.9922,0.0029
"882","340","OCCURRENCE","classic","area",3.7497,0.0116
"883","340","IMPACT","classic","center",9.0401,0
"884","340","OCCURRENCE","classic","center",3.3484,0.0176
"885","340","IMPACT","classic","centertogrid",1.8916,0.1037
"886","340","OCCURRENCE","classic","centertogrid",0.763,0.5108
"887","340","IMPACT","classic","reachedgrid",2.895,0.0305
"888","340","OCCURRENCE","classic","reachedgrid",1.4821,0.1794
"889","340","IMPACT","area","center",1.6535,0.1438
"890","340","OCCURRENCE","area","center",0.2083,0.988
"891","340","IMPACT","area","centertogrid",3.9791,0.009
"892","340","OCCURRENCE","area","centertogrid",2.6604,0.0411
"893","340","IMPACT","area","reachedgrid",6.2762,7e-04
"894","340","OCCURRENCE","area","reachedgrid",3.9384,0.0094
"895","340","IMPACT","center","centertogrid",4.338,0.0057
"896","340","OCCURRENCE","center","centertogrid",2.5364,0.0463
"897","340","IMPACT","center","reachedgrid",6.9809,3e-04
"898","340","OCCURRENCE","center","reachedgrid",2.8815,0.0308
"899","340","IMPACT","centertogrid","reachedgrid",0.6815,0.5762
"900","340","OCCURRENCE","centertogrid","reachedgrid",0.257,0.9711
"901","341","IMPACT","classic","area",6.0833,9e-04
"902","341","OCCURRENCE","classic","area",3.9496,0.0093
"903","341","IMPACT","classic","center",3.0734,0.0243
"904","341","OCCURRENCE","classic","center",2.1345,0.076
"905","341","IMPACT","classic","centertogrid",0.2104,0.9912
"906","341","OCCURRENCE","classic","centertogrid",1.8215,0.1135
"907","341","IMPACT","classic","reachedgrid",1.6679,0.1398
"908","341","OCCURRENCE","classic","reachedgrid",1.1528,0.2852
"909","341","IMPACT","area","center",1.5079,0.1747
"910","341","OCCURRENCE","area","center",0.2446,0.9728
"911","341","IMPACT","area","centertogrid",4.0387,0.0084
"912","341","OCCURRENCE","area","centertogrid",2.2002,0.0717
"913","341","IMPACT","area","reachedgrid",5.2703,0.0021
"914","341","OCCURRENCE","area","reachedgrid",2.9915,0.0278
"915","341","IMPACT","center","centertogrid",3.2216,0.0204
"916","341","OCCURRENCE","center","centertogrid",2.6464,0.0405
"917","341","IMPACT","center","reachedgrid",7.6153,2e-04
"918","341","OCCURRENCE","center","reachedgrid",2.477,0.0501
"919","341","IMPACT","centertogrid","reachedgrid",0.6728,0.584
"920","341","OCCURRENCE","centertogrid","reachedgrid",0.348,0.9044
"921","342","IMPACT","classic","area",5.9617,0.001
"922","342","OCCURRENCE","classic","area",4.2131,0.007
"923","342","IMPACT","classic","center",8.0317,1e-04
"924","342","OCCURRENCE","classic","center",2.1736,0.0723
"925","342","IMPACT","classic","centertogrid",2.7243,0.0368
"926","342","OCCURRENCE","classic","centertogrid",0.869,0.4348
"927","342","IMPACT","classic","reachedgrid",2.485,0.0497
"928","342","OCCURRENCE","classic","reachedgrid",1.4017,0.2005
"929","342","IMPACT","area","center",1.0361,0.3385
"930","342","OCCURRENCE","area","center",0.2439,0.9731
"931","342","IMPACT","area","centertogrid",3.8358,0.0106
"932","342","OCCURRENCE","area","centertogrid",2.3195,0.062
"933","342","IMPACT","area","reachedgrid",6.1818,8e-04
"934","342","OCCURRENCE","area","reachedgrid",3.6101,0.0136
"935","342","IMPACT","center","centertogrid",3.4823,0.015
"936","342","OCCURRENCE","center","centertogrid",1.6138,0.1494
"937","342","IMPACT","center","reachedgrid",8.952,0
"938","342","OCCURRENCE","center","reachedgrid",2.159,0.0741
"939","342","IMPACT","centertogrid","reachedgrid",0.7625,0.5103
"940","342","OCCURRENCE","centertogrid","reachedgrid",0.145,0.9995
"941","343","IMPACT","classic","area",7.4241,2e-04
"942","343","OCCURRENCE","classic","area",8.3529,1e-04
"943","343","IMPACT","classic","center",7.6748,1e-04
"944","343","OCCURRENCE","classic","center",5.2903,0.0019
"945","343","IMPACT","classic","centertogrid",3.2464,0.0199
"946","343","OCCURRENCE","classic","centertogrid",1.5657,0.1598
"947","343","IMPACT","classic","reachedgrid",4.3878,0.0055
"948","343","OCCURRENCE","classic","reachedgrid",2.9571,0.0283
"949","343","IMPACT","area","center",0.6249,0.6234
"950","343","OCCURRENCE","area","center",0.4284,0.8184
"951","343","IMPACT","area","centertogrid",2.9757,0.0284
"952","343","OCCURRENCE","area","centertogrid",3.3379,0.0186
"953","343","IMPACT","area","reachedgrid",5.4007,0.0018
"954","343","OCCURRENCE","area","reachedgrid",6.3157,7e-04
"955","343","IMPACT","center","centertogrid",3.0912,0.0239
"956","343","OCCURRENCE","center","centertogrid",2.9219,0.0292
"957","343","IMPACT","center","reachedgrid",4.6995,0.0039
"958","343","OCCURRENCE","center","reachedgrid",4.3979,0.0055
"959","343","IMPACT","centertogrid","reachedgrid",0.336,0.9133
"960","343","OCCURRENCE","centertogrid","reachedgrid",0.2181,0.9874
"961","344","IMPACT","classic","area",4.9971,0.0029
"962","344","OCCURRENCE","classic","area",5.2905,0.0021
"963","344","IMPACT","classic","center",4.9818,0.0027
"964","344","OCCURRENCE","classic","center",3.8936,0.0094
"965","344","IMPACT","classic","centertogrid",1.0385,0.337
"966","344","OCCURRENCE","classic","centertogrid",1.2244,0.2571
"967","344","IMPACT","classic","reachedgrid",1.9051,0.1027
"968","344","OCCURRENCE","classic","reachedgrid",2.1963,0.0709
"969","344","IMPACT","area","center",0.7904,0.4874
"970","344","OCCURRENCE","area","center",0.2335,0.9782
"971","344","IMPACT","area","centertogrid",3.6866,0.0125
"972","344","OCCURRENCE","area","centertogrid",2.3828,0.0574
"973","344","IMPACT","area","reachedgrid",5.7006,0.0013
"974","344","OCCURRENCE","area","reachedgrid",4.3081,0.0062
"975","344","IMPACT","center","centertogrid",2.4551,0.0512
"976","344","OCCURRENCE","center","centertogrid",2.3759,0.0564
"977","344","IMPACT","center","reachedgrid",5.0291,0.0027
"978","344","OCCURRENCE","center","reachedgrid",2.9778,0.0275
"979","344","IMPACT","centertogrid","reachedgrid",0.5397,0.7097
"980","344","OCCURRENCE","centertogrid","reachedgrid",0.1201,0.9999
"981","345","IMPACT","classic","area",7.28,2e-04
"982","345","OCCURRENCE","classic","area",12.035,0
"983","345","IMPACT","classic","center",6.0655,8e-04
"984","345","OCCURRENCE","classic","center",7.2859,2e-04
"985","345","IMPACT","classic","centertogrid",1.4343,0.1914
"986","345","OCCURRENCE","classic","centertogrid",2.5368,0.0465
"987","345","IMPACT","classic","reachedgrid",3.1329,0.023
"988","345","OCCURRENCE","classic","reachedgrid",4.1096,0.0075
"989","345","IMPACT","area","center",0.7749,0.499
"990","345","OCCURRENCE","area","center",1.2518,0.2485
"991","345","IMPACT","area","centertogrid",3.5608,0.0144
"992","345","OCCURRENCE","area","centertogrid",4.1321,0.0076
"993","345","IMPACT","area","reachedgrid",6.4138,6e-04
"994","345","OCCURRENCE","area","reachedgrid",6.0324,9e-04
"995","345","IMPACT","center","centertogrid",3.0584,0.0249
"996","345","OCCURRENCE","center","centertogrid",2.4712,0.0503
"997","345","IMPACT","center","reachedgrid",3.8586,0.01
"998","345","OCCURRENCE","center","reachedgrid",3.6037,0.0133
"999","345","IMPACT","centertogrid","reachedgrid",0.4305,0.8217
"1000","345","OCCURRENCE","centertogrid","reachedgrid",0.1246,0.9999
"1001","347","IMPACT","classic","area",5.3535,0.0019
"1002","347","OCCURRENCE","classic","area",4.7302,0.0039
"1003","347","IMPACT","classic","center",6.7403,4e-04
"1004","347","OCCURRENCE","classic","center",3.2513,0.0198
"1005","347","IMPACT","classic","centertogrid",2.4634,0.0508
"1006","347","OCCURRENCE","classic","centertogrid",1.3643,0.211
"1007","347","IMPACT","classic","reachedgrid",2.6767,0.0396
"1008","347","OCCURRENCE","classic","reachedgrid",1.31,0.2281
"1009","347","IMPACT","area","center",0.4986,0.7466
"1010","347","OCCURRENCE","area","center",0.3173,0.9237
"1011","347","IMPACT","area","centertogrid",3.2314,0.021
"1012","347","OCCURRENCE","area","centertogrid",2.8006,0.0348
"1013","347","IMPACT","area","reachedgrid",5.9044,0.0011
"1014","347","OCCURRENCE","area","reachedgrid",4.7388,0.0039
"1015","347","IMPACT","center","centertogrid",2.4741,0.0501
"1016","347","OCCURRENCE","center","centertogrid",2.7152,0.0375
"1017","347","IMPACT","center","reachedgrid",4.9484,0.0029
"1018","347","OCCURRENCE","center","reachedgrid",3.1961,0.0213
"1019","347","IMPACT","centertogrid","reachedgrid",0.5266,0.7226
"1020","347","OCCURRENCE","centertogrid","reachedgrid",0.063,1
"1021","348","IMPACT","classic","area",6.1571,8e-04
"1022","348","OCCURRENCE","classic","area",6.551,5e-04
"1023","348","IMPACT","classic","center",8.0307,1e-04
"1024","348","OCCURRENCE","classic","center",5.16,0.0023
"1025","348","IMPACT","classic","centertogrid",3.2167,0.0206
"1026","348","OCCURRENCE","classic","centertogrid",2.9721,0.0276
"1027","348","IMPACT","classic","reachedgrid",3.9949,0.0086
"1028","348","OCCURRENCE","classic","reachedgrid",3.2834,0.0192
"1029","348","IMPACT","area","center",0.5405,0.7044
"1030","348","OCCURRENCE","area","center",0.219,0.9843
"1031","348","IMPACT","area","centertogrid",2.7229,0.0382
"1032","348","OCCURRENCE","area","centertogrid",2.7486,0.037
"1033","348","IMPACT","area","reachedgrid",5.157,0.0024
"1034","348","OCCURRENCE","area","reachedgrid",4.0253,0.0085
"1035","348","IMPACT","center","centertogrid",3.4832,0.0151
"1036","348","OCCURRENCE","center","centertogrid",1.7532,0.1245
"1037","348","IMPACT","center","reachedgrid",4.0844,0.0078
"1038","348","OCCURRENCE","center","reachedgrid",2.4461,0.0522
"1039","348","IMPACT","centertogrid","reachedgrid",0.5145,0.735
"1040","348","OCCURRENCE","centertogrid","reachedgrid",0.0427,1
"1041","349","IMPACT","classic","area",8.2977,1e-04
"1042","349","OCCURRENCE","classic","area",9.4457,0
"1043","349","IMPACT","classic","center",10.5,0
"1044","349","OCCURRENCE","classic","center",6.0762,8e-04
"1045","349","IMPACT","classic","centertogrid",2.19,0.0712
"1046","349","OCCURRENCE","classic","centertogrid",6.8773,3e-04
"1047","349","IMPACT","classic","reachedgrid",4.8403,0.0033
"1048","349","OCCURRENCE","classic","reachedgrid",5.9283,0.001
"1049","349","IMPACT","area","center",0.5152,0.7297
"1050","349","OCCURRENCE","area","center",0.6728,0.581
"1051","349","IMPACT","area","centertogrid",2.9458,0.0294
"1052","349","OCCURRENCE","area","centertogrid",3.6019,0.0137
"1053","349","IMPACT","area","reachedgrid",6.6077,5e-04
"1054","349","OCCURRENCE","area","reachedgrid",4.3863,0.0057
"1055","349","IMPACT","center","centertogrid",3.9674,0.0087
"1056","349","OCCURRENCE","center","centertogrid",3.7207,0.0115
"1057","349","IMPACT","center","reachedgrid",4.8563,0.0033
"1058","349","OCCURRENCE","center","reachedgrid",3.8369,0.0102
"1059","349","IMPACT","centertogrid","reachedgrid",0.3865,0.8658
"1060","349","OCCURRENCE","centertogrid","reachedgrid",0.3079,0.9371
"1061","350","IMPACT","classic","area",6.9661,3e-04
"1062","350","OCCURRENCE","classic","area",6.9529,3e-04
"1063","350","IMPACT","classic","center",11.038,0
"1064","350","OCCURRENCE","classic","center",6.1444,7e-04
"1065","350","IMPACT","classic","centertogrid",3.1252,0.023
"1066","350","OCCURRENCE","classic","centertogrid",1.1467,0.2877
"1067","350","IMPACT","classic","reachedgrid",4.6984,0.0039
"1068","350","OCCURRENCE","classic","reachedgrid",3.062,0.025
"1069","350","IMPACT","area","center",0.9267,0.3976
"1070","350","OCCURRENCE","area","center",0.6049,0.642
"1071","350","IMPACT","area","centertogrid",3.4152,0.017
"1072","350","OCCURRENCE","area","centertogrid",3.6062,0.0137
"1073","350","IMPACT","area","reachedgrid",6.3583,6e-04
"1074","350","OCCURRENCE","area","reachedgrid",6.405,6e-04
"1075","350","IMPACT","center","centertogrid",3.8465,0.01
"1076","350","OCCURRENCE","center","centertogrid",3.5311,0.0143
"1077","350","IMPACT","center","reachedgrid",6.1309,8e-04
"1078","350","OCCURRENCE","center","reachedgrid",3.6475,0.0127
"1079","350","IMPACT","centertogrid","reachedgrid",0.4797,0.7708
"1080","350","OCCURRENCE","centertogrid","reachedgrid",0.5969,0.6534
"1081","351","IMPACT","classic","area",10.94,0
"1082","351","OCCURRENCE","classic","area",5.5942,0.0015
"1083","351","IMPACT","classic","center",13.194,0
"1084","351","OCCURRENCE","classic","center",3.6261,0.0128
"1085","351","IMPACT","classic","centertogrid",8.0168,1e-04
"1086","351","OCCURRENCE","classic","centertogrid",1.48,0.1798
"1087","351","IMPACT","classic","reachedgrid",7.1846,3e-04
"1088","351","OCCURRENCE","classic","reachedgrid",2.5412,0.0465
"1089","351","IMPACT","area","center",0.4798,0.7658
"1090","351","OCCURRENCE","area","center",0.3643,0.8819
"1091","351","IMPACT","area","centertogrid",3.1092,0.0243
"1092","351","OCCURRENCE","area","centertogrid",2.5512,0.0469
"1093","351","IMPACT","area","reachedgrid",5.3239,0.002
"1094","351","OCCURRENCE","area","reachedgrid",4.4718,0.0052
"1095","351","IMPACT","center","centertogrid",2.2996,0.0621
"1096","351","OCCURRENCE","center","centertogrid",2.169,0.073
"1097","351","IMPACT","center","reachedgrid",4.9653,0.0029
"1098","351","OCCURRENCE","center","reachedgrid",3.0876,0.0242
"1099","351","IMPACT","centertogrid","reachedgrid",0.5426,0.7064
"1100","351","OCCURRENCE","centertogrid","reachedgrid",0.0994,1
"1101","352","IMPACT","classic","area",6.7499,4e-04
"1102","352","OCCURRENCE","classic","area",10.799,0
"1103","352","IMPACT","classic","center",8.1311,1e-04
"1104","352","OCCURRENCE","classic","center",4.846,0.0032
"1105","352","IMPACT","classic","centertogrid",3.4229,0.0162
"1106","352","OCCURRENCE","classic","centertogrid",4.4862,0.0049
"1107","352","IMPACT","classic","reachedgrid",3.5871,0.0136
"1108","352","OCCURRENCE","classic","reachedgrid",5.2694,0.002
"1109","352","IMPACT","area","center",0.4477,0.7988
"1110","352","OCCURRENCE","area","center",0.314,0.9265
"1111","352","IMPACT","area","centertogrid",3.1791,0.0224
"1112","352","OCCURRENCE","area","centertogrid",2.8287,0.0337
"1113","352","IMPACT","area","reachedgrid",6.2421,7e-04
"1114","352","OCCURRENCE","area","reachedgrid",4.5667,0.0047
"1115","352","IMPACT","center","centertogrid",3.8149,0.0103
"1116","352","OCCURRENCE","center","centertogrid",2.8871,0.0305
"1117","352","IMPACT","center","reachedgrid",6.3924,6e-04
"1118","352","OCCURRENCE","center","reachedgrid",3.4145,0.0165
"1119","352","IMPACT","centertogrid","reachedgrid",0.4694,0.7817
"1120","352","OCCURRENCE","centertogrid","reachedgrid",0.3036,0.9404
"1121","353","IMPACT","classic","area",7.1291,3e-04
"1122","353","OCCURRENCE","classic","area",7.4104,2e-04
"1123","353","IMPACT","classic","center",9.6657,0
"1124","353","OCCURRENCE","classic","center",2.9811,0.0273
"1125","353","IMPACT","classic","centertogrid",1.9279,0.0992
"1126","353","OCCURRENCE","classic","centertogrid",1.9209,0.1001
"1127","353","IMPACT","classic","reachedgrid",3.688,0.0121
"1128","353","OCCURRENCE","classic","reachedgrid",2.3267,0.0604
"1129","353","IMPACT","area","center",0.5206,0.7243
"1130","353","OCCURRENCE","area","center",0.2268,0.9812
"1131","353","IMPACT","area","centertogrid",3.0998,0.0245
"1132","353","OCCURRENCE","area","centertogrid",3.1179,0.024
"1133","353","IMPACT","area","reachedgrid",5.5272,0.0016
"1134","353","OCCURRENCE","area","reachedgrid",5.1716,0.0024
"1135","353","IMPACT","center","centertogrid",3.9204,0.0092
"1136","353","OCCURRENCE","center","centertogrid",3.0633,0.0247
"1137","353","IMPACT","center","reachedgrid",5.4469,0.0017
"1138","353","OCCURRENCE","center","reachedgrid",3.6371,0.0128
"1139","353","IMPACT","centertogrid","reachedgrid",0.4036,0.8487
"1140","353","OCCURRENCE","centertogrid","reachedgrid",0.2398,0.9789
"1141","354","IMPACT","classic","area",4.9922,0.0029
"1142","354","OCCURRENCE","classic","area",12.352,0
"1143","354","IMPACT","classic","center",9.5106,0
"1144","354","OCCURRENCE","classic","center",4.1433,0.0072
"1145","354","IMPACT","classic","centertogrid",4.6768,0.0039
"1146","354","OCCURRENCE","classic","centertogrid",3.5291,0.0143
"1147","354","IMPACT","classic","reachedgrid",3.5495,0.0142
"1148","354","OCCURRENCE","classic","reachedgrid",4.6634,0.004
"1149","354","IMPACT","area","center",1.865,0.1093
"1150","354","OCCURRENCE","area","center",0.5946,0.6517
"1151","354","IMPACT","area","centertogrid",4.6306,0.0044
"1152","354","OCCURRENCE","area","centertogrid",3.213,0.0215
"1153","354","IMPACT","area","reachedgrid",6.2547,7e-04
"1154","354","OCCURRENCE","area","reachedgrid",4.5185,0.0049
"1155","354","IMPACT","center","centertogrid",3.1718,0.0218
"1156","354","OCCURRENCE","center","centertogrid",2.7534,0.0358
"1157","354","IMPACT","center","reachedgrid",6.2315,7e-04
"1158","354","OCCURRENCE","center","reachedgrid",4.7728,0.0036
"1159","354","IMPACT","centertogrid","reachedgrid",0.6399,0.6128
"1160","354","OCCURRENCE","centertogrid","reachedgrid",0.1822,0.996
"1161","355","IMPACT","classic","area",6.5483,5e-04
"1162","355","OCCURRENCE","classic","area",13.86,0
"1163","355","IMPACT","classic","center",9.0887,0
"1164","355","OCCURRENCE","classic","center",4.6258,0.0041
"1165","355","IMPACT","classic","centertogrid",2.7598,0.0355
"1166","355","OCCURRENCE","classic","centertogrid",7.6952,1e-04
"1167","355","IMPACT","classic","reachedgrid",3.2048,0.0212
"1168","355","OCCURRENCE","classic","reachedgrid",8.6827,0
"1169","355","IMPACT","area","center",0.5009,0.7443
"1170","355","OCCURRENCE","area","center",0.5754,0.6702
"1171","355","IMPACT","area","centertogrid",3.1472,0.0232
"1172","355","OCCURRENCE","area","centertogrid",6.5905,5e-04
"1173","355","IMPACT","area","reachedgrid",6.2553,7e-04
"1174","355","OCCURRENCE","area","reachedgrid",7.397,2e-04
"1175","355","IMPACT","center","centertogrid",2.9854,0.0271
"1176","355","OCCURRENCE","center","centertogrid",6.9544,3e-04
"1177","355","IMPACT","center","reachedgrid",5.6728,0.0013
"1178","355","OCCURRENCE","center","reachedgrid",6.5902,4e-04
"1179","355","IMPACT","centertogrid","reachedgrid",0.2991,0.9429
"1180","355","OCCURRENCE","centertogrid","reachedgrid",0.3961,0.8576
"1181","356","IMPACT","classic","area",4.4813,0.0052
"1182","356","OCCURRENCE","classic","area",6.5244,5e-04
"1183","356","IMPACT","classic","center",5.5421,0.0015
"1184","356","OCCURRENCE","classic","center",3.1846,0.0214
"1185","356","IMPACT","classic","centertogrid",0.3474,0.9061
"1186","356","OCCURRENCE","classic","centertogrid",5.8564,0.001
"1187","356","IMPACT","classic","reachedgrid",1.3075,0.229
"1188","356","OCCURRENCE","classic","reachedgrid",3.0204,0.0262
"1189","356","IMPACT","area","center",0.5191,0.7258
"1190","356","OCCURRENCE","area","center",1.0219,0.3456
"1191","356","IMPACT","area","centertogrid",3.2923,0.0196
"1192","356","OCCURRENCE","area","centertogrid",6.9454,3e-04
"1193","356","IMPACT","area","reachedgrid",5.9856,0.001
"1194","356","OCCURRENCE","area","reachedgrid",5.1113,0.0025
"1195","356","IMPACT","center","centertogrid",4.0679,0.0078
"1196","356","OCCURRENCE","center","centertogrid",5.8295,0.0011
"1197","356","IMPACT","center","reachedgrid",4.4258,0.0053
"1198","356","OCCURRENCE","center","reachedgrid",3.2285,0.0205
"1199","356","IMPACT","centertogrid","reachedgrid",0.4966,0.7535
"1200","356","OCCURRENCE","centertogrid","reachedgrid",1.423,0.1948
"1201","357","IMPACT","classic","area",4.4688,0.0052
"1202","357","OCCURRENCE","classic","area",4.8861,0.0033
"1203","357","IMPACT","classic","center",8.0642,1e-04
"1204","357","OCCURRENCE","classic","center",3.0498,0.0251
"1205","357","IMPACT","classic","centertogrid",0.681,0.5778
"1206","357","OCCURRENCE","classic","centertogrid",1.6367,0.1454
"1207","357","IMPACT","classic","reachedgrid",1.7977,0.1181
"1208","357","OCCURRENCE","classic","reachedgrid",1.866,0.1079
"1209","357","IMPACT","area","center",0.8384,0.4536
"1210","357","OCCURRENCE","area","center",0.2335,0.9782
"1211","357","IMPACT","area","centertogrid",3.6656,0.0128
"1212","357","OCCURRENCE","area","centertogrid",3.0774,0.0252
"1213","357","IMPACT","area","reachedgrid",7.3977,2e-04
"1214","357","OCCURRENCE","area","reachedgrid",5.2707,0.0021
"1215","357","IMPACT","center","centertogrid",5.4329,0.0017
"1216","357","OCCURRENCE","center","centertogrid",2.3345,0.0595
"1217","357","IMPACT","center","reachedgrid",6.1074,8e-04
"1218","357","OCCURRENCE","center","reachedgrid",2.9988,0.0269
"1219","357","IMPACT","centertogrid","reachedgrid",0.5575,0.6914
"1220","357","OCCURRENCE","centertogrid","reachedgrid",0.0647,1
"1221","358","IMPACT","classic","area",5.6861,0.0013
"1222","358","OCCURRENCE","classic","area",12.187,0
"1223","358","IMPACT","classic","center",8.0052,1e-04
"1224","358","OCCURRENCE","classic","center",7.1253,3e-04
"1225","358","IMPACT","classic","centertogrid",1.4293,0.1928
"1226","358","OCCURRENCE","classic","centertogrid",7.3006,2e-04
"1227","358","IMPACT","classic","reachedgrid",3.9113,0.0094
"1228","358","OCCURRENCE","classic","reachedgrid",7.6188,2e-04
"1229","358","IMPACT","area","center",0.8961,0.4161
"1230","358","OCCURRENCE","area","center",0.5564,0.6887
"1231","358","IMPACT","area","centertogrid",3.9492,0.0093
"1232","358","OCCURRENCE","area","centertogrid",3.4637,0.0161
"1233","358","IMPACT","area","reachedgrid",5.8058,0.0012
"1234","358","OCCURRENCE","area","reachedgrid",4.9869,0.0029
"1235","358","IMPACT","center","centertogrid",4.1075,0.0075
"1236","358","OCCURRENCE","center","centertogrid",2.8391,0.0323
"1237","358","IMPACT","center","reachedgrid",3.8402,0.0102
"1238","358","OCCURRENCE","center","reachedgrid",2.96,0.0282
"1239","358","IMPACT","centertogrid","reachedgrid",1.2737,0.2402
"1240","358","OCCURRENCE","centertogrid","reachedgrid",0.1234,0.9999
"1241","359","IMPACT","classic","area",6.7159,4e-04
"1242","359","OCCURRENCE","classic","area",5.1484,0.0024
"1243","359","IMPACT","classic","center",10.684,0
"1244","359","OCCURRENCE","classic","center",3.4867,0.0151
"1245","359","IMPACT","classic","centertogrid",5.1324,0.0023
"1246","359","OCCURRENCE","classic","centertogrid",1.6578,0.1413
"1247","359","IMPACT","classic","reachedgrid",4.0583,0.008
"1248","359","OCCURRENCE","classic","reachedgrid",1.5668,0.1601
"1249","359","IMPACT","area","center",1.4509,0.1887
"1250","359","OCCURRENCE","area","center",0.2874,0.9467
"1251","359","IMPACT","area","centertogrid",5.5095,0.0016
"1252","359","OCCURRENCE","area","centertogrid",2.8706,0.0321
"1253","359","IMPACT","area","reachedgrid",7.2684,2e-04
"1254","359","OCCURRENCE","area","reachedgrid",4.162,0.0073
"1255","359","IMPACT","center","centertogrid",3.9792,0.0086
"1256","359","OCCURRENCE","center","centertogrid",2.8681,0.0312
"1257","359","IMPACT","center","reachedgrid",7.1049,3e-04
"1258","359","OCCURRENCE","center","reachedgrid",3.607,0.0132
"1259","359","IMPACT","centertogrid","reachedgrid",0.6784,0.5786
"1260","359","OCCURRENCE","centertogrid","reachedgrid",0.2183,0.9874
"1261","360","IMPACT","classic","area",5.2025,0.0023
"1262","360","OCCURRENCE","classic","area",8.3777,1e-04
"1263","360","IMPACT","classic","center",6.709,4e-04
"1264","360","OCCURRENCE","classic","center",3.9982,0.0084
"1265","360","IMPACT","classic","centertogrid",2.8077,0.0335
"1266","360","OCCURRENCE","classic","centertogrid",3.4577,0.0156
"1267","360","IMPACT","classic","reachedgrid",2.3183,0.0612
"1268","360","OCCURRENCE","classic","reachedgrid",3.4701,0.0155
"1269","360","IMPACT","area","center",0.6682,0.585
"1270","360","OCCURRENCE","area","center",0.2018,0.99
"1271","360","IMPACT","area","centertogrid",3.2475,0.0206
"1272","360","OCCURRENCE","area","centertogrid",2.4398,0.0536
"1273","360","IMPACT","area","reachedgrid",5.7109,0.0013
"1274","360","OCCURRENCE","area","reachedgrid",3.8729,0.0101
"1275","360","IMPACT","center","centertogrid",2.7263,0.0369
"1276","360","OCCURRENCE","center","centertogrid",2.0442,0.0855
"1277","360","IMPACT","center","reachedgrid",4.7077,0.0039
"1278","360","OCCURRENCE","center","reachedgrid",2.7478,0.0363
"1279","360","IMPACT","centertogrid","reachedgrid",0.4414,0.8104
"1280","360","OCCURRENCE","centertogrid","reachedgrid",0.1011,1
"1281","361","IMPACT","classic","area",7.2173,3e-04
"1282","361","OCCURRENCE","classic","area",9.3541,0
"1283","361","IMPACT","classic","center",11.091,0
"1284","361","OCCURRENCE","classic","center",3.3296,0.0181
"1285","361","IMPACT","classic","centertogrid",3.9998,0.0084
"1286","361","OCCURRENCE","classic","centertogrid",4.6471,0.004
"1287","361","IMPACT","classic","reachedgrid",5.3096,0.0019
"1288","361","OCCURRENCE","classic","reachedgrid",3.7161,0.0117
"1289","361","IMPACT","area","center",0.445,0.8015
"1290","361","OCCURRENCE","area","center",0.2182,0.9846
"1291","361","IMPACT","area","centertogrid",3.1946,0.022
"1292","361","OCCURRENCE","area","centertogrid",3.1869,0.0221
"1293","361","IMPACT","area","reachedgrid",7.2477,2e-04
"1294","361","OCCURRENCE","area","reachedgrid",3.9231,0.0096
"1295","361","IMPACT","center","centertogrid",3.4248,0.0162
"1296","361","OCCURRENCE","center","centertogrid",3.6949,0.0118
"1297","361","IMPACT","center","reachedgrid",4.4366,0.0052
"1298","361","OCCURRENCE","center","reachedgrid",3.3998,0.0168
"1299","361","IMPACT","centertogrid","reachedgrid",0.2165,0.9877
"1300","361","OCCURRENCE","centertogrid","reachedgrid",0.4241,0.8291
"1301","362","IMPACT","classic","area",7.8549,1e-04
"1302","362","OCCURRENCE","classic","area",4.7439,0.0038
"1303","362","IMPACT","classic","center",5.2194,0.0021
"1304","362","OCCURRENCE","classic","center",2.9317,0.0289
"1305","362","IMPACT","classic","centertogrid",0.1678,0.9982
"1306","362","OCCURRENCE","classic","centertogrid",1.4971,0.1756
"1307","362","IMPACT","classic","reachedgrid",1.508,0.1735
"1308","362","OCCURRENCE","classic","reachedgrid",1.5218,0.1701
"1309","362","IMPACT","area","center",2.7706,0.0361
"1310","362","OCCURRENCE","area","center",0.5961,0.6504
"1311","362","IMPACT","area","centertogrid",6.7265,4e-04
"1312","362","OCCURRENCE","area","centertogrid",2.9538,0.0291
"1313","362","IMPACT","area","reachedgrid",6.5274,5e-04
"1314","362","OCCURRENCE","area","reachedgrid",3.9415,0.0094
"1315","362","IMPACT","center","centertogrid",5.0404,0.0026
"1316","362","OCCURRENCE","center","centertogrid",2.1112,0.0785
"1317","362","IMPACT","center","reachedgrid",11.708,0
"1318","362","OCCURRENCE","center","reachedgrid",3.2142,0.0209
"1319","362","IMPACT","centertogrid","reachedgrid",0.9477,0.3857
"1320","362","OCCURRENCE","centertogrid","reachedgrid",0.083,1
"1321","363","IMPACT","classic","area",6.0182,9e-04
"1322","363","OCCURRENCE","classic","area",6.6415,5e-04
"1323","363","IMPACT","classic","center",4.9383,0.0029
"1324","363","OCCURRENCE","classic","center",2.3657,0.0571
"1325","363","IMPACT","classic","centertogrid",1.6397,0.1446
"1326","363","OCCURRENCE","classic","centertogrid",2.0322,0.0867
"1327","363","IMPACT","classic","reachedgrid",1.9848,0.0927
"1328","363","OCCURRENCE","classic","reachedgrid",2.3676,0.0574
"1329","363","IMPACT","area","center",1.1135,0.3026
"1330","363","OCCURRENCE","area","center",0.2083,0.988
"1331","363","IMPACT","area","centertogrid",3.7711,0.0114
"1332","363","OCCURRENCE","area","centertogrid",2.48,0.051
"1333","363","IMPACT","area","reachedgrid",5.2141,0.0023
"1334","363","OCCURRENCE","area","reachedgrid",4.0805,0.008
"1335","363","IMPACT","center","centertogrid",4.0711,0.0077
"1336","363","OCCURRENCE","center","centertogrid",2.392,0.0553
"1337","363","IMPACT","center","reachedgrid",7.378,2e-04
"1338","363","OCCURRENCE","center","reachedgrid",3.224,0.0206
"1339","363","IMPACT","centertogrid","reachedgrid",0.5252,0.7244
"1340","363","OCCURRENCE","centertogrid","reachedgrid",0.1587,0.9986
"1341","365","IMPACT","classic","area",3.4533,0.0163
"1342","365","OCCURRENCE","classic","area",6.7849,4e-04
"1343","365","IMPACT","classic","center",4.264,0.0062
"1344","365","OCCURRENCE","classic","center",6.4701,5e-04
"1345","365","IMPACT","classic","centertogrid",0.1656,0.9984
"1346","365","OCCURRENCE","classic","centertogrid",3.2624,0.0195
"1347","365","IMPACT","classic","reachedgrid",1.1553,0.2844
"1348","365","OCCURRENCE","classic","reachedgrid",4.0328,0.0082
"1349","365","IMPACT","area","center",0.5202,0.7246
"1350","365","OCCURRENCE","area","center",0.2074,0.9883
"1351","365","IMPACT","area","centertogrid",2.7982,0.0349
"1352","365","OCCURRENCE","area","centertogrid",2.915,0.0304
"1353","365","IMPACT","area","reachedgrid",5.7405,0.0013
"1354","365","OCCURRENCE","area","reachedgrid",5.2539,0.0022
"1355","365","IMPACT","center","centertogrid",3.2766,0.0192
"1356","365","OCCURRENCE","center","centertogrid",1.8604,0.1081
"1357","365","IMPACT","center","reachedgrid",3.7502,0.0113
"1358","365","OCCURRENCE","center","reachedgrid",2.397,0.0554
"1359","365","IMPACT","centertogrid","reachedgrid",0.5022,0.7479
"1360","365","OCCURRENCE","centertogrid","reachedgrid",0.0309,1
