QUES2SURV_ID;ROL;METHOD;CNTVAL;MIIMP;SAIMP;MIOCC;SAOCC;MIRPZ
4026;1;classic;6;2,8;,4;3,7;,5;10,36
4026;2;classic;0;;;;;
4026;0;classic;6;2,8;,4;3,7;,5;10,36
4029;1;classic;6;3,7;,5;3;1,3;11,1
4029;2;classic;0;;;;;
4029;0;classic;6;3,7;,5;3;1,3;11,1
4030;1;classic;6;4;0;4;0;16
4030;2;classic;0;;;;;
4030;0;classic;6;4;0;4;0;16
4027;1;classic;6;3,3;,5;3,3;,8;10,89
4027;2;classic;0;;;;;
4027;0;classic;6;3,3;,5;3,3;,8;10,89
4025;1;classic;6;3,5;,5;3,3;,8;11,55
4025;2;classic;0;;;;;
4025;0;classic;6;3,5;,5;3,3;,8;11,55
4024;1;classic;6;3;,9;2,7;,5;8,1
4024;2;classic;0;;;;;
4024;0;classic;6;3;,9;2,7;,5;8,1
4023;1;classic;6;3,2;,8;2,7;,8;8,64
4023;2;classic;0;;;;;
4023;0;classic;6;3,2;,8;2,7;,8;8,64
4022;1;classic;6;3,2;,8;3,5;,5;11,2
4022;2;classic;0;;;;;
4022;0;classic;6;3,2;,8;3,5;,5;11,2
4028;1;classic;6;3,2;,8;3,2;1;10,24
4028;2;classic;0;;;;;
4028;0;classic;6;3,2;,8;3,2;1;10,24
4020;1;classic;6;4,2;,4;4;0;16,8
4020;2;classic;0;;;;;
4020;0;classic;6;4,2;,4;4;0;16,8
4016;1;classic;6;2,8;,8;2,7;,8;7,56
4016;2;classic;0;;;;;
4016;0;classic;6;2,8;,8;2,7;,8;7,56
4021;1;classic;5;3,2;,8;3,4;,5;10,88
4021;2;classic;0;;;;;
4021;0;classic;5;3,2;,8;3,4;,5;10,88
4019;1;classic;6;3,2;,8;3,7;,5;11,84
4019;2;classic;0;;;;;
4019;0;classic;6;3,2;,8;3,7;,5;11,84
4018;1;classic;6;3,2;,8;3,7;,5;11,84
4018;2;classic;0;;;;;
4018;0;classic;6;3,2;,8;3,7;,5;11,84
4017;1;classic;6;3,2;,8;3,7;,5;11,84
4017;2;classic;0;;;;;
4017;0;classic;6;3,2;,8;3,7;,5;11,84
4014;1;classic;6;2,7;,8;3;0;8,1
4014;2;classic;0;;;;;
4014;0;classic;6;2,7;,8;3;0;8,1
4015;1;classic;6;3,5;,5;3,7;,5;12,95
4015;2;classic;0;;;;;
4015;0;classic;6;3,5;,5;3,7;,5;12,95
4013;1;classic;6;3,7;,8;2,8;,8;10,36
4013;2;classic;0;;;;;
4013;0;classic;6;3,7;,8;2,8;,8;10,36
4012;1;classic;5;3,2;,8;2,8;,8;8,96
4012;2;classic;0;;;;;
4012;0;classic;5;3,2;,8;2,8;,8;8,96
4005;1;classic;6;3,2;1;2,7;,5;8,64
4005;2;classic;0;;;;;
4005;0;classic;6;3,2;1;2,7;,5;8,64
4011;1;classic;5;2,8;,4;3;,7;8,4
4011;2;classic;0;;;;;
4011;0;classic;5;2,8;,4;3;,7;8,4
4010;1;classic;6;3,2;,8;3;,6;9,6
4010;2;classic;0;;;;;
4010;0;classic;6;3,2;,8;3;,6;9,6
4009;1;classic;6;3,2;,8;3,2;,4;10,24
4009;2;classic;0;;;;;
4009;0;classic;6;3,2;,8;3,2;,4;10,24
4008;1;classic;6;3,5;,8;3,5;1;12,25
4008;2;classic;0;;;;;
4008;0;classic;6;3,5;,8;3,5;1;12,25
4007;1;classic;5;3,2;,8;3,2;,8;10,24
4007;2;classic;0;;;;;
4007;0;classic;5;3,2;,8;3,2;,8;10,24
4006;1;classic;6;3,5;,8;3,3;,5;11,55
4006;2;classic;0;;;;;
4006;0;classic;6;3,5;,8;3,3;,5;11,55
3998;1;classic;5;2,8;,4;2,8;,4;7,84
3998;2;classic;0;;;;;
3998;0;classic;5;2,8;,4;2,8;,4;7,84
4002;1;classic;5;3;,7;3;,7;9
4002;2;classic;0;;;;;
4002;0;classic;5;3;,7;3;,7;9
4003;1;classic;5;3,2;1,1;3,4;,5;10,88
4003;2;classic;0;;;;;
4003;0;classic;5;3,2;1,1;3,4;,5;10,88
4004;1;classic;6;3,2;,8;3,3;,5;10,56
4004;2;classic;0;;;;;
4004;0;classic;6;3,2;,8;3,3;,5;10,56
3999;1;classic;6;3,5;,5;3,5;,5;12,25
3999;2;classic;0;;;;;
3999;0;classic;6;3,5;,5;3,5;,5;12,25
3997;1;classic;5;3;,7;3,2;,8;9,6
3997;2;classic;0;;;;;
3997;0;classic;5;3;,7;3,2;,8;9,6
3996;1;classic;6;3,3;,8;3,3;,8;10,89
3996;2;classic;0;;;;;
3996;0;classic;6;3,3;,8;3,3;,8;10,89
4000;1;classic;6;2,7;,5;3,8;,4;10,26
4000;2;classic;0;;;;;
4000;0;classic;6;2,7;,5;3,8;,4;10,26
4001;1;classic;6;3,3;,8;2,8;,4;9,24
4001;2;classic;0;;;;;
4001;0;classic;6;3,3;,8;2,8;,4;9,24
3995;1;classic;6;3;,9;3,5;,5;10,5
3995;2;classic;0;;;;;
3995;0;classic;6;3;,9;3,5;,5;10,5
3992;1;classic;5;2,8;,8;3;,7;8,4
3992;2;classic;0;;;;;
3992;0;classic;5;2,8;,8;3;,7;8,4
3993;1;classic;5;2,8;,8;3;,7;8,4
3993;2;classic;0;;;;;
3993;0;classic;5;2,8;,8;3;,7;8,4
3994;1;classic;6;3,2;,8;3,7;,5;11,84
3994;2;classic;0;;;;;
3994;0;classic;6;3,2;,8;3,7;,5;11,84
3988;1;classic;6;3,7;,5;3,7;,5;13,69
3988;2;classic;0;;;;;
3988;0;classic;6;3,7;,5;3,7;,5;13,69
3981;1;classic;6;3,3;,8;3,5;,8;11,55
3981;2;classic;0;;;;;
3981;0;classic;6;3,3;,8;3,5;,8;11,55
3982;1;classic;6;3,3;,8;3,5;,8;11,55
3982;2;classic;0;;;;;
3982;0;classic;6;3,3;,8;3,5;,8;11,55
3989;1;classic;5;3,8;1,1;3,2;,8;12,16
3989;2;classic;0;;;;;
3989;0;classic;5;3,8;1,1;3,2;,8;12,16
3990;1;classic;6;3,8;,4;3,8;,4;14,44
3990;2;classic;0;;;;;
3990;0;classic;6;3,8;,4;3,8;,4;14,44
3983;1;classic;6;3,2;,8;2,7;1;8,64
3983;2;classic;0;;;;;
3983;0;classic;6;3,2;,8;2,7;1;8,64
3991;1;classic;4;3,3;1;3;,8;9,9
3991;2;classic;0;;;;;
3991;0;classic;4;3,3;1;3;,8;9,9
3984;1;classic;6;3,3;,8;2,7;1;8,91
3984;2;classic;0;;;;;
3984;0;classic;6;3,3;,8;2,7;1;8,91
3985;1;classic;6;3,3;1;2,7;,5;8,91
3985;2;classic;0;;;;;
3985;0;classic;6;3,3;1;2,7;,5;8,91
3986;1;classic;6;3,5;,5;3,5;1;12,25
3986;2;classic;0;;;;;
3986;0;classic;6;3,5;,5;3,5;1;12,25
3987;1;classic;6;4,2;,8;2,8;,8;11,76
3987;2;classic;0;;;;;
3987;0;classic;6;4,2;,8;2,8;,8;11,76
3979;1;classic;6;4,2;,8;3;,9;12,6
3979;2;classic;0;;;;;
3979;0;classic;6;4,2;,8;3;,9;12,6
3976;1;classic;6;3,3;,8;3,2;,8;10,56
3976;2;classic;0;;;;;
3976;0;classic;6;3,3;,8;3,2;,8;10,56
3977;1;classic;6;3,3;,8;2,7;1;8,91
3977;2;classic;0;;;;;
3977;0;classic;6;3,3;,8;2,7;1;8,91
3978;1;classic;6;3,7;1,2;2,7;1;9,99
3978;2;classic;0;;;;;
3978;0;classic;6;3,7;1,2;2,7;1;9,99
3980;1;classic;6;3,3;,8;2,5;1;8,25
3980;2;classic;0;;;;;
3980;0;classic;6;3,3;,8;2,5;1;8,25
3975;1;classic;6;3,2;,8;3,2;,8;10,24
3975;2;classic;0;;;;;
3975;0;classic;6;3,2;,8;3,2;,8;10,24
3974;1;classic;5;3,6;,5;2,6;,5;9,36
3974;2;classic;0;;;;;
3974;0;classic;5;3,6;,5;2,6;,5;9,36
3970;1;classic;6;2,3;,5;2,7;1;6,21
3970;2;classic;0;;;;;
3970;0;classic;6;2,3;,5;2,7;1;6,21
3973;1;classic;6;2,8;,8;2,7;1;7,56
3973;2;classic;0;;;;;
3973;0;classic;6;2,8;,8;2,7;1;7,56
3972;1;classic;6;4;,6;3,5;,5;14
3972;2;classic;0;;;;;
3972;0;classic;6;4;,6;3,5;,5;14
3971;1;classic;6;4;0;3,5;,8;14
3971;2;classic;0;;;;;
3971;0;classic;6;4;0;3,5;,8;14
3966;1;classic;6;3,2;,8;3,2;1,2;10,24
3966;2;classic;0;;;;;
3966;0;classic;6;3,2;,8;3,2;1,2;10,24
3964;1;classic;6;4;1,1;3,8;1;15,2
3964;2;classic;0;;;;;
3964;0;classic;6;4;1,1;3,8;1;15,2
3965;1;classic;6;2,8;,8;2,8;,8;7,84
3965;2;classic;0;;;;;
3965;0;classic;6;2,8;,8;2,8;,8;7,84
3969;1;classic;6;3,3;,8;3,5;1;11,55
3969;2;classic;0;;;;;
3969;0;classic;6;3,3;,8;3,5;1;11,55
3967;1;classic;5;3,2;1,3;3,6;1,1;11,52
3967;2;classic;0;;;;;
3967;0;classic;5;3,2;1,3;3,6;1,1;11,52
3968;1;classic;5;3,4;,9;3,4;1,1;11,56
3968;2;classic;0;;;;;
3968;0;classic;5;3,4;,9;3,4;1,1;11,56
3963;1;classic;4;3,5;,6;3,3;,5;11,55
3963;2;classic;0;;;;;
3963;0;classic;4;3,5;,6;3,3;,5;11,55
3962;1;classic;6;2,8;,8;3,3;,5;9,24
3962;2;classic;0;;;;;
3962;0;classic;6;2,8;,8;3,3;,5;9,24
3961;1;classic;6;3;,6;3;,6;9
3961;2;classic;0;;;;;
3961;0;classic;6;3;,6;3;,6;9
